,Datetime,Temperature,Indoor Humidity,Season,Ambient temperature,Ambient relative humidity,atmospheric pressure,Rain,Wind speed,Wind direction,Temperature_diff
1724942,2017-07-03 01:06:01,17.585,37.973,Winter,9.3,84.0,969.1,0.0,0.0,N,8.285
1725077,2017-07-03 03:06:01,16.081,39.158,Winter,8.3,88.0,969.7,0.0,0.0,N,7.780999999999999
1725156,2017-07-03 05:06:01,15.078,39.078,Winter,7.6,89.0,968.7,0.0,0.0,N,7.478
1725272,2017-07-03 07:06:01,14.577,38.251,Winter,7.4,91.0,969.8,0.0,0.0,N,7.177
1725335,2017-07-03 09:06:01,16.582,47.565,Winter,17.4,53.0,970.0,0.0,0.0,N,-0.8179999999999978
1725442,2017-07-03 11:06:01,24.594,41.87,Winter,23.7,37.0,969.7,0.0,1.1,WSW,0.8940000000000019
1725540,2017-07-03 13:06:01,26.594,36.869,Winter,25.5,33.0,968.7,0.0,1.5,ENE,1.0940000000000012
1725659,2017-07-03 15:06:01,28.593,34.442,Winter,25.6,31.0,968.1,0.0,2.7,E,2.9929999999999986
1725764,2017-07-03 17:06:01,28.093,35.05,Winter,23.3,35.0,969.9,0.0,2.8,E,4.792999999999999
1725861,2017-07-03 19:06:01,26.094,36.158,Winter,20.3,45.0,971.2,0.0,1.5,E,5.7940000000000005
1725955,2017-07-03 21:06:01,23.593,36.562,Winter,17.3,56.0,973.5,0.0,1.3,E,6.292999999999999
1726037,2017-07-03 23:06:01,21.591,37.68,Winter,16.9,63.0,974.0,0.0,1.4,E,4.6910000000000025
1726132,2017-07-04 01:06:01,20.089,37.54,Winter,14.0,76.0,973.4,0.0,0.0,N,6.088999999999999
1726231,2017-07-04 03:06:01,18.086,38.672,Winter,12.6,82.0,973.2,0.0,0.0,N,5.485999999999999
1726309,2017-07-04 05:06:01,17.084,37.931,Winter,11.8,85.0,972.9,0.0,0.0,N,5.283999999999999
1726442,2017-07-04 07:06:01,16.582,37.888,Winter,12.4,86.0,974.3,0.0,0.0,N,4.182
1726539,2017-07-04 09:06:01,17.084,37.931,Winter,16.1,75.0,975.9,0.0,0.0,N,0.9839999999999982
1726622,2017-07-04 11:06:01,22.592,44.244,Winter,20.2,59.0,975.0,0.0,2.7,E,2.3919999999999995
1726697,2017-07-04 13:06:01,25.094,39.979,Winter,22.7,48.0,973.0,0.0,2.8,E,2.394000000000002
1726807,2017-07-04 15:06:01,26.094,39.432,Winter,22.9,44.0,972.7,0.0,2.6,E,3.1940000000000026
1726910,2017-07-04 17:06:01,27.094,38.232,Winter,21.2,48.0,972.1,0.0,1.6,E,5.894000000000002
1726995,2017-07-04 19:06:01,26.094,38.78,Winter,15.0,72.0,973.3,0.0,0.0,N,11.094000000000001
1727110,2017-07-04 21:06:01,23.593,39.83,Winter,12.9,77.0,973.9,0.0,0.0,N,10.693
1727201,2017-07-04 23:06:01,21.591,40.289,Winter,11.7,77.0,974.1,0.0,0.0,N,9.891000000000002
1727291,2017-07-05 01:06:01,19.589,41.404,Winter,11.0,83.0,974.4,0.0,0.0,N,8.588999999999999
1727405,2017-07-05 03:06:01,18.086,41.924,Winter,9.6,85.0,974.0,0.0,0.0,N,8.485999999999999
1727484,2017-07-05 05:06:01,16.582,42.449,Winter,10.7,83.0,974.4,0.0,0.0,N,5.8820000000000014
1727594,2017-07-05 07:06:01,16.081,41.763,Winter,10.7,86.0,974.6,0.0,0.0,N,5.381
1727690,2017-07-05 09:06:01,16.582,43.094,Winter,17.4,68.0,976.4,0.0,0.0,N,-0.8179999999999978
1727788,2017-07-05 11:06:01,29.592,36.535,Winter,21.3,53.0,975.7,0.0,0.0,N,8.291999999999998
1727873,2017-07-05 13:06:01,29.592,35.214,Winter,24.0,41.0,973.5,0.0,1.8,ENE,5.591999999999999
1727961,2017-07-05 15:06:01,31.589,33.444,Winter,24.3,36.0,971.6,0.0,1.4,E,7.288999999999998
1728084,2017-07-05 17:06:01,31.589,34.11,Winter,22.7,40.0,972.0,0.0,1.3,E,8.889
1728161,2017-07-05 19:06:01,28.093,35.05,Winter,15.2,68.0,973.4,0.0,0.0,N,12.893
1728251,2017-07-05 21:06:01,24.594,37.319,Winter,12.6,76.0,973.8,0.0,0.0,N,11.994000000000002
1728373,2017-07-05 23:06:01,21.591,37.68,Winter,11.0,77.0,974.6,0.0,0.0,N,10.591000000000001
1728473,2017-07-06 01:06:01,19.088,38.105,Winter,10.0,80.0,974.3,0.0,0.0,N,9.088000000000001
1728545,2017-07-06 03:06:01,16.582,39.199,Winter,9.1,83.0,974.3,0.0,0.0,N,7.482000000000001
1728664,2017-07-06 05:06:01,14.577,39.533,Winter,7.9,86.0,974.1,0.0,0.0,N,6.677
1728745,2017-07-06 07:06:01,13.072,39.307,Winter,7.6,87.0,975.6,0.0,0.0,N,5.4719999999999995
1728832,2017-07-06 09:06:01,18.587,51.471,Winter,16.8,56.0,976.3,0.0,0.0,N,1.786999999999999
1728965,2017-07-06 11:06:01,25.594,40.03,Winter,21.3,53.0,975.6,0.0,0.0,N,4.2940000000000005
1729043,2017-07-06 13:06:01,28.593,34.442,Winter,23.7,43.0,973.8,0.0,1.3,E,4.893000000000001
1729136,2017-07-06 15:06:01,30.091,29.245,Winter,24.5,35.0,972.6,0.0,2.1,E,5.591000000000001
1729257,2017-07-06 17:06:01,31.09,31.378,Winter,22.4,42.0,972.4,0.0,1.6,E,8.690000000000001
1729340,2017-07-06 19:06:01,26.094,34.175,Winter,17.9,63.0,973.2,0.0,0.0,N,8.194000000000003
1729425,2017-07-06 21:06:01,23.593,35.243,Winter,18.0,64.0,973.8,0.0,0.0,N,5.593
1729522,2017-07-06 23:06:01,21.591,36.367,Winter,15.5,76.0,974.9,0.0,0.0,N,6.091000000000001
1729642,2017-07-07 01:06:01,19.589,37.495,Winter,12.8,83.0,974.9,0.0,0.0,N,6.788999999999998
1729720,2017-07-07 03:06:01,18.086,38.017,Winter,12.8,83.0,974.1,0.0,0.0,N,5.285999999999998
1729807,2017-07-07 05:06:01,18.086,39.326,Winter,13.4,82.0,974.9,0.0,0.0,N,4.685999999999998
1729897,2017-07-07 07:06:01,17.585,39.283,Winter,13.8,87.0,976.1,0.0,0.0,N,3.785
1730029,2017-07-07 09:06:01,19.088,50.885,Winter,17.3,83.0,976.5,0.0,0.0,N,1.7880000000000003
1730108,2017-07-07 11:06:01,23.093,49.971,Winter,20.1,69.0,976.7,0.0,1.2,NE,2.9929999999999986
1730193,2017-07-07 13:06:01,24.594,49.487,Winter,22.6,53.0,974.0,0.0,1.3,E,1.9939999999999998
1730291,2017-07-07 15:06:01,25.594,45.172,Winter,23.4,46.0,973.2,0.0,1.7,ENE,2.1940000000000026
1730384,2017-07-07 17:06:01,25.594,45.172,Winter,22.0,49.0,972.3,0.0,0.0,N,3.594000000000001
1730512,2017-07-07 19:06:01,25.594,45.172,Winter,17.8,69.0,973.7,0.0,0.0,N,7.7940000000000005
1730613,2017-07-07 21:06:01,24.594,45.708,Winter,15.8,71.0,974.0,0.0,0.0,N,8.794
1730697,2017-07-07 23:06:01,24.093,45.659,Winter,13.6,82.0,974.3,0.0,0.0,N,10.493
1730776,2017-07-08 01:06:01,23.593,45.611,Winter,11.9,84.0,973.5,0.0,0.0,N,11.693
1730902,2017-07-08 03:06:01,22.592,45.518,Winter,11.7,83.0,972.8,0.0,0.0,N,10.892
1730977,2017-07-08 05:06:01,21.591,45.427,Winter,11.4,86.0,972.9,0.0,0.0,N,10.191
1731062,2017-07-08 07:06:01,21.091,46.019,Winter,10.1,90.0,974.4,0.0,0.0,N,10.991000000000001
1731186,2017-07-08 09:06:01,20.59,46.61,Winter,18.2,64.0,974.5,0.0,0.0,N,2.3900000000000006
1731290,2017-07-08 11:06:01,20.59,50.38,Winter,22.4,57.0,973.7,0.0,0.0,N,-1.8099999999999987
1731351,2017-07-08 13:06:01,20.59,53.477,Winter,24.7,48.0,970.9,0.0,1.2,ENE,-4.109999999999999
1731466,2017-07-08 15:06:01,21.091,54.131,Winter,25.3,43.0,969.8,0.0,1.5,NE,-4.209
1731564,2017-07-08 17:06:01,21.091,54.744,Winter,23.6,47.0,968.7,0.0,1.3,NNE,-2.5090000000000003
1731667,2017-07-08 19:06:01,21.091,55.355,Winter,17.9,69.0,970.4,0.0,0.0,N,3.1910000000000025
1731739,2017-07-08 21:06:01,20.59,55.926,Winter,17.0,74.0,971.2,0.0,0.0,N,3.59
1731868,2017-07-08 23:06:01,20.59,56.534,Winter,14.4,80.0,971.0,0.0,0.0,N,6.1899999999999995
1731929,2017-07-09 01:06:01,20.089,57.103,Winter,12.3,87.0,970.6,0.0,0.0,N,7.788999999999998
1732057,2017-07-09 03:06:01,19.589,58.879,Winter,11.0,90.0,970.3,0.0,0.0,N,8.588999999999999
1732132,2017-07-09 05:06:01,19.088,59.446,Winter,10.2,89.0,969.7,0.0,0.0,N,8.888000000000002
1732248,2017-07-09 07:06:01,19.088,58.845,Winter,9.6,90.0,970.2,0.0,0.0,N,9.488000000000001
1732339,2017-07-09 09:06:01,18.587,60.013,Winter,18.7,58.0,970.4,0.0,2.2,SW,-0.11299999999999955
1732446,2017-07-09 11:06:01,19.088,61.239,Winter,25.1,41.0,969.3,0.0,1.5,SW,-6.0120000000000005
1732512,2017-07-09 13:06:01,21.091,60.782,Winter,27.9,30.0,966.9,0.0,2.2,S,-6.8089999999999975
1732617,2017-07-09 15:06:01,23.093,61.535,Winter,28.2,26.0,965.2,0.0,2.2,SSE,-5.106999999999999
1732739,2017-07-09 17:06:01,23.593,57.99,Winter,25.7,31.0,964.3,0.0,0.0,N,-2.1069999999999993
1732810,2017-07-09 19:06:01,24.594,55.658,Winter,18.4,53.0,965.6,0.0,0.0,N,6.194000000000003
1732907,2017-07-09 21:06:01,23.593,53.116,Winter,15.1,66.0,966.8,0.0,0.0,N,8.493
1733001,2017-07-09 23:06:01,22.092,51.748,Winter,14.3,64.0,966.9,0.0,0.0,N,7.791999999999998
1733126,2017-07-10 01:06:01,20.59,51.002,Winter,11.8,75.0,967.4,0.0,0.0,N,8.79
1733212,2017-07-10 03:06:01,19.088,50.885,Winter,10.9,80.0,967.0,0.0,0.0,N,8.188
1733306,2017-07-10 05:06:01,18.086,50.812,Winter,10.9,75.0,966.8,0.0,0.0,N,7.185999999999998
1733401,2017-07-10 07:06:01,17.084,50.117,Winter,11.2,75.0,967.2,0.0,0.0,N,5.884
1733510,2017-07-10 09:06:01,22.092,48.002,Winter,21.0,42.0,968.2,0.0,0.0,N,1.0919999999999987
1733581,2017-07-10 11:06:01,24.594,46.974,Winter,28.1,27.0,968.1,0.0,0.0,N,-3.5060000000000002
1733699,2017-07-10 13:06:01,31.589,30.761,Winter,30.3,21.0,965.6,0.0,2.0,SSE,1.288999999999998
1733776,2017-07-10 15:06:01,30.59,32.663,Winter,29.4,21.0,965.2,0.0,1.8,ESE,1.1900000000000013
1733875,2017-07-10 17:06:01,30.091,34.607,Winter,25.7,31.0,965.5,0.0,0.0,N,4.391000000000002
1733998,2017-07-10 19:06:01,28.593,34.442,Winter,17.4,53.0,966.5,0.0,0.0,N,11.193000000000001
1734067,2017-07-10 21:06:01,27.094,34.28,Winter,18.7,46.0,969.2,0.0,0.0,N,8.394000000000002
1734177,2017-07-10 23:06:01,25.594,34.786,Winter,18.9,74.0,970.4,0.0,3.4,E,6.694000000000003
1734276,2017-07-11 01:06:01,24.093,34.632,Winter,18.6,77.0,971.6,0.0,1.5,E,5.4929999999999986
1734388,2017-07-11 03:06:01,23.093,34.531,Winter,17.6,80.0,970.7,0.0,1.2,E,5.4929999999999986
1734481,2017-07-11 05:06:01,21.591,35.046,Winter,15.0,89.0,970.4,0.0,0.0,N,6.591000000000001
1734558,2017-07-11 07:06:01,20.089,34.903,Winter,14.2,91.0,971.7,0.0,0.0,N,5.888999999999999
1734682,2017-07-11 09:06:01,21.091,49.797,Winter,17.7,79.0,972.9,0.0,0.0,N,3.391000000000002
1734765,2017-07-11 11:06:01,22.592,49.926,Winter,20.5,65.0,972.8,0.0,0.0,N,2.0919999999999987
1734849,2017-07-11 13:06:01,25.594,48.332,Winter,23.5,51.0,971.2,0.0,1.2,N,2.094000000000001
1734970,2017-07-11 15:06:01,27.094,40.835,Winter,24.7,45.0,969.4,0.0,0.0,N,2.394000000000002
1735044,2017-07-11 17:06:01,25.594,45.807,Winter,23.7,48.0,969.1,0.0,0.0,N,1.894000000000002
1735154,2017-07-11 19:06:01,23.093,53.071,Winter,17.7,68.0,969.7,0.0,0.0,N,5.393000000000001
1735248,2017-07-11 21:06:01,22.092,54.825,Winter,16.4,71.0,971.1,0.0,0.0,N,5.692
1735366,2017-07-11 23:06:01,20.59,57.14,Winter,13.8,81.0,971.5,0.0,0.0,N,6.789999999999999
1735434,2017-07-12 01:06:01,19.589,60.676,Winter,12.8,86.0,970.6,0.0,0.0,N,6.788999999999998
1735535,2017-07-12 03:06:01,19.088,61.833,Winter,12.6,86.0,970.0,0.0,0.0,N,6.488000000000001
1735653,2017-07-12 05:06:01,18.086,62.366,Winter,11.3,90.0,971.4,0.0,0.0,N,6.785999999999998
1735741,2017-07-12 07:06:01,17.084,68.742,Winter,12.6,88.0,973.4,0.0,0.0,N,4.484
1735836,2017-07-12 09:06:01,19.088,75.614,Winter,17.1,78.0,974.9,0.0,1.1,SSE,1.9879999999999995
1735915,2017-07-12 11:06:01,22.092,64.401,Winter,20.4,67.0,974.4,0.0,1.3,SE,1.6920000000000002
1736023,2017-07-12 13:06:01,25.094,53.257,Winter,24.0,52.0,972.3,0.0,1.1,ESE,1.0940000000000012
1736110,2017-07-12 15:06:01,26.594,46.543,Winter,25.1,46.0,971.6,0.0,1.2,NNE,1.4939999999999998
1736222,2017-07-12 17:06:01,25.094,48.91,Winter,22.6,54.0,970.6,0.0,0.0,N,2.4939999999999998
1736326,2017-07-12 19:06:01,23.093,53.686,Winter,16.6,74.0,970.6,0.0,0.0,N,6.4929999999999986
1736409,2017-07-12 21:06:01,21.091,57.178,Winter,14.3,80.0,971.7,0.0,0.0,N,6.791
1736511,2017-07-12 23:06:01,20.089,57.103,Winter,12.6,80.0,971.2,0.0,0.0,N,7.488999999999999
1736600,2017-07-13 01:06:01,19.088,61.239,Winter,11.5,85.0,970.5,0.0,0.0,N,7.588000000000001
1736709,2017-07-13 03:06:01,18.587,63.577,Winter,11.2,89.0,970.0,0.0,0.0,N,7.3870000000000005
1736805,2017-07-13 05:06:01,17.585,63.521,Winter,10.4,90.0,968.8,0.0,0.0,N,7.1850000000000005
1736904,2017-07-13 07:06:01,17.084,66.426,Winter,9.9,91.0,970.2,0.0,0.0,N,7.183999999999999
1737001,2017-07-13 09:06:01,20.089,58.914,Winter,18.9,56.0,970.5,0.0,0.0,N,1.189
1737092,2017-07-13 11:06:01,24.093,43.747,Winter,26.3,34.0,969.4,0.0,1.5,SW,-2.2070000000000007
1737188,2017-07-13 13:06:01,27.094,30.943,Winter,29.8,24.0,967.4,0.0,1.6,WSW,-2.7059999999999995
1737259,2017-07-13 15:06:01,27.593,26.938,Winter,30.2,20.0,966.0,0.0,1.4,W,-2.6069999999999993
1737359,2017-07-13 17:06:01,26.594,26.831,Winter,26.4,25.0,966.2,0.0,0.0,N,0.19400000000000261
1737448,2017-07-13 19:06:01,24.093,34.632,Winter,18.3,46.0,966.6,0.0,0.0,N,5.792999999999999
1737566,2017-07-13 21:06:01,22.592,39.733,Winter,16.4,53.0,967.2,0.0,0.0,N,6.192
1737652,2017-07-13 23:06:01,21.591,42.871,Winter,13.9,61.0,967.7,0.0,0.0,N,7.691000000000001
1737760,2017-07-14 01:06:01,21.091,58.987,Winter,17.9,80.0,969.6,0.0,2.7,E,3.1910000000000025
1737856,2017-07-14 03:06:01,21.091,60.185,Winter,17.4,74.0,971.0,0.0,2.3,E,3.6910000000000025
1737945,2017-07-14 05:06:01,21.091,60.185,Winter,17.2,74.0,971.6,0.0,1.4,E,3.891000000000002
1738028,2017-07-14 07:06:01,20.59,61.934,Winter,17.1,76.0,971.6,0.0,0.0,N,3.4899999999999984
1738136,2017-07-14 09:06:01,21.591,63.189,Winter,18.5,72.0,972.6,0.0,1.7,E,3.091000000000001
1738234,2017-07-14 11:06:01,22.592,59.107,Winter,20.2,64.0,972.2,0.0,1.5,E,2.3919999999999995
1738316,2017-07-14 13:06:01,24.594,51.355,Winter,22.4,51.0,969.8,0.0,0.0,N,2.1940000000000026
1738443,2017-07-14 15:06:01,25.594,46.441,Winter,23.2,49.0,968.2,0.0,0.0,N,2.394000000000002
1738519,2017-07-14 17:06:01,24.594,50.112,Winter,21.5,60.0,967.7,0.0,0.0,N,3.094000000000001
1738618,2017-07-14 19:06:01,22.592,56.087,Winter,16.2,78.0,968.5,0.0,0.0,N,6.3919999999999995
1738705,2017-07-14 21:06:01,20.59,57.745,Winter,13.9,82.0,969.2,0.0,0.0,N,6.6899999999999995
1738829,2017-07-14 23:06:01,19.088,57.638,Winter,11.7,86.0,968.5,0.0,0.0,N,7.388000000000002
1738928,2017-07-15 01:06:01,18.086,58.781,Winter,10.5,87.0,968.5,0.0,0.0,N,7.5859999999999985
1738986,2017-07-15 03:06:01,17.585,60.552,Winter,9.6,90.0,967.6,0.0,0.0,N,7.985000000000001
1739106,2017-07-15 05:06:01,16.582,62.879,Winter,9.1,92.0,967.4,0.0,0.0,N,7.482000000000001
1739209,2017-07-15 07:06:01,15.58,68.684,Winter,8.8,92.0,967.6,0.0,0.0,N,6.779999999999999
1739294,2017-07-15 09:06:01,19.088,60.045,Winter,16.8,65.0,968.4,0.0,0.0,N,2.2880000000000003
1739408,2017-07-15 11:06:01,23.093,48.72,Winter,24.6,39.0,967.9,0.0,0.0,N,-1.5070000000000014
1739472,2017-07-15 13:06:01,26.594,38.179,Winter,28.2,30.0,965.2,0.0,1.3,SW,-1.605999999999998
1739595,2017-07-15 15:06:01,28.093,29.028,Winter,29.4,23.0,963.3,0.0,1.5,SW,-1.3069999999999986
1739679,2017-07-15 17:06:01,26.594,30.89,Winter,27.1,25.0,962.3,0.0,1.3,WSW,-0.5060000000000002
1739768,2017-07-15 19:06:01,24.093,34.632,Winter,19.0,43.0,962.7,0.0,0.0,N,5.093
1739857,2017-07-15 21:06:01,22.092,40.335,Winter,17.2,47.0,963.7,0.0,0.0,N,4.8919999999999995
1739976,2017-07-15 23:06:01,21.591,38.335,Winter,13.6,59.0,964.5,0.0,0.0,N,7.991000000000001
1740046,2017-07-16 01:06:01,20.089,40.801,Winter,12.4,62.0,963.3,0.0,0.0,N,7.688999999999998
1740151,2017-07-16 03:06:01,19.088,42.652,Winter,11.7,58.0,963.2,0.0,0.0,N,7.388000000000002
1740270,2017-07-16 05:06:01,18.086,45.135,Winter,10.9,64.0,963.4,0.0,0.0,N,7.185999999999998
1740331,2017-07-16 07:06:01,17.585,45.096,Winter,9.1,75.0,963.6,0.0,0.0,N,8.485000000000001
1740440,2017-07-16 09:06:01,22.092,36.415,Winter,22.0,33.0,965.2,0.0,0.0,N,0.09199999999999875
1740529,2017-07-16 11:06:01,26.594,26.831,Winter,28.6,21.0,964.5,0.0,1.7,SW,-2.0060000000000002
1740657,2017-07-16 13:06:01,29.092,20.902,Winter,32.0,15.0,961.4,0.0,2.0,SSW,-2.9080000000000013
1740741,2017-07-16 15:06:01,30.091,18.211,Winter,32.4,14.0,960.9,0.0,2.0,SW,-2.3089999999999975
1740832,2017-07-16 17:06:01,29.092,19.507,Winter,29.9,15.0,961.7,0.0,1.6,SSW,-0.8079999999999998
1740930,2017-07-16 19:06:01,25.594,26.043,Winter,20.2,33.0,963.0,0.0,0.0,N,5.394000000000002
1741032,2017-07-16 21:06:01,23.593,29.904,Winter,17.6,39.0,964.7,0.0,0.0,N,5.9929999999999986
1741124,2017-07-16 23:06:01,22.592,31.817,Winter,15.6,48.0,965.8,0.0,0.0,N,6.991999999999999
1741212,2017-07-17 01:06:01,22.092,54.213,Winter,18.0,73.0,968.4,0.0,3.3,E,4.091999999999999
1741332,2017-07-17 03:06:01,22.092,56.652,Winter,18.2,71.0,970.5,0.0,3.2,E,3.8919999999999995
1741397,2017-07-17 05:06:01,21.591,54.784,Winter,17.1,67.0,972.1,0.0,2.7,E,4.491
1741519,2017-07-17 07:06:01,21.091,52.901,Winter,16.2,63.0,973.5,0.0,2.6,E,4.891000000000002
1741587,2017-07-17 09:06:01,20.59,48.502,Winter,16.6,58.0,975.1,0.0,3.2,E,3.9899999999999984
1741709,2017-07-17 11:06:01,22.092,48.63,Winter,18.8,53.0,976.1,0.0,3.5,E,3.291999999999998
1741802,2017-07-17 13:06:01,23.593,44.338,Winter,20.4,48.0,974.0,0.0,3.3,E,3.1930000000000014
1741911,2017-07-17 15:06:01,23.593,43.058,Winter,21.0,46.0,973.4,0.0,3.0,E,2.593
1741986,2017-07-17 17:06:01,22.592,44.882,Winter,20.4,48.0,974.5,0.0,2.2,E,2.192
1742094,2017-07-17 19:06:01,22.592,48.047,Winter,19.3,53.0,975.2,0.0,1.5,E,3.291999999999998
1742166,2017-07-17 21:06:01,21.591,50.463,Winter,16.9,63.0,975.3,0.0,1.3,E,4.6910000000000025
1742293,2017-07-17 23:06:01,21.091,51.664,Winter,16.0,69.0,975.9,0.0,0.0,N,5.091000000000001
1742378,2017-07-18 01:06:01,20.089,56.496,Winter,15.5,74.0,975.6,0.0,0.0,N,4.588999999999999
1742487,2017-07-18 03:06:01,19.589,57.067,Winter,14.3,79.0,975.0,0.0,0.0,N,5.288999999999998
1742556,2017-07-18 05:06:01,19.589,58.879,Winter,13.6,83.0,975.9,0.0,0.0,N,5.988999999999999
1742676,2017-07-18 07:06:01,19.589,60.078,Winter,14.4,79.0,977.0,0.0,0.0,N,5.188999999999998
1742758,2017-07-18 09:06:01,20.59,60.148,Winter,17.1,71.0,977.7,0.0,0.0,N,3.4899999999999984
1742849,2017-07-18 11:06:01,23.593,50.64,Winter,20.0,56.0,976.2,0.0,0.0,N,3.593
1742975,2017-07-18 13:06:01,24.093,46.926,Winter,22.7,47.0,974.1,0.0,1.2,W,1.3930000000000007
1743063,2017-07-18 15:06:01,25.094,40.628,Winter,23.9,40.0,972.2,0.0,0.0,N,1.1940000000000026
1743170,2017-07-18 17:06:01,24.594,43.155,Winter,22.4,44.0,971.0,0.0,0.0,N,2.1940000000000026
1743259,2017-07-18 19:06:01,22.592,48.675,Winter,17.1,63.0,972.1,0.0,0.0,N,5.491999999999997
1743331,2017-07-18 21:06:01,20.59,53.477,Winter,14.4,75.0,972.9,0.0,0.0,N,6.1899999999999995
1743462,2017-07-18 23:06:01,19.589,54.016,Winter,12.9,75.0,972.7,0.0,0.0,N,6.688999999999998
1743547,2017-07-19 01:06:01,18.587,56.391,Winter,11.8,81.0,971.4,0.0,0.0,N,6.786999999999999
1743627,2017-07-19 03:06:01,17.585,56.326,Winter,10.1,83.0,971.1,0.0,0.0,N,7.485000000000001
1743749,2017-07-19 05:06:01,17.084,54.459,Winter,9.5,82.0,971.0,0.0,0.0,N,7.584
1743819,2017-07-19 07:06:01,16.582,56.875,Winter,8.8,84.0,971.7,0.0,0.0,N,7.782
1743914,2017-07-19 09:06:01,20.089,51.584,Winter,17.8,54.0,973.2,0.0,0.0,N,2.288999999999998
1744023,2017-07-19 11:06:01,23.093,36.512,Winter,22.8,34.0,973.2,0.0,2.7,E,0.29299999999999926
1744126,2017-07-19 13:06:01,24.594,35.344,Winter,24.8,32.0,970.9,0.0,2.6,E,-0.20599999999999952
1744224,2017-07-19 15:06:01,26.094,30.164,Winter,25.0,28.0,970.9,0.0,2.3,ENE,1.0940000000000012
1744292,2017-07-19 17:06:01,24.093,35.293,Winter,23.1,34.0,970.6,0.0,1.2,E,0.9929999999999986
1744421,2017-07-19 19:06:01,22.092,41.629,Winter,16.1,56.0,971.8,0.0,0.0,N,5.991999999999997
1744484,2017-07-19 21:06:01,21.091,44.108,Winter,13.9,66.0,971.8,0.0,0.0,N,7.191000000000001
1744583,2017-07-19 23:06:01,19.589,45.892,Winter,12.5,68.0,971.6,0.0,0.0,N,7.088999999999999
1744698,2017-07-20 01:06:01,18.086,47.674,Winter,10.6,74.0,971.4,0.0,0.0,N,7.485999999999999
1744805,2017-07-20 03:06:01,17.585,48.898,Winter,9.7,74.0,969.7,0.0,0.0,N,7.885000000000002
1744870,2017-07-20 05:06:01,16.582,50.083,Winter,8.4,79.0,969.0,0.0,0.0,N,8.182
1744988,2017-07-20 07:06:01,16.081,53.164,Winter,7.5,82.0,969.3,0.0,0.0,N,8.581
1745067,2017-07-20 09:06:01,18.587,51.471,Winter,16.9,52.0,970.2,0.0,0.0,N,1.6870000000000012
1745171,2017-07-20 11:06:01,22.092,43.558,Winter,23.6,37.0,969.4,0.0,1.4,SW,-1.5080000000000027
1745276,2017-07-20 13:06:01,26.094,30.164,Winter,27.8,23.0,967.0,0.0,1.6,S,-1.7059999999999995
1745369,2017-07-20 15:06:01,27.593,23.512,Winter,27.8,17.0,965.5,0.0,2.0,SSE,-0.20700000000000074
1745455,2017-07-20 17:06:01,25.594,26.725,Winter,23.7,29.0,966.1,0.0,0.0,N,1.894000000000002
1745559,2017-07-20 19:06:01,22.592,34.482,Winter,16.2,53.0,966.2,0.0,0.0,N,6.3919999999999995
1745654,2017-07-20 21:06:01,20.59,35.612,Winter,13.0,55.0,968.4,0.0,0.0,N,7.59
1745755,2017-07-20 23:06:01,19.088,39.412,Winter,11.1,56.0,968.6,0.0,0.0,N,7.988000000000001
1745859,2017-07-21 01:06:01,17.585,40.586,Winter,8.7,68.0,969.4,0.0,0.0,N,8.885000000000002
1745933,2017-07-21 03:06:01,18.086,45.135,Winter,14.5,72.0,969.7,0.0,2.0,E,3.5859999999999985
1746056,2017-07-21 05:06:01,18.587,51.471,Winter,15.7,81.0,969.6,0.0,1.5,ESE,2.8870000000000005
1746158,2017-07-21 07:06:01,18.587,57.605,Winter,15.4,79.0,970.5,0.0,0.0,N,3.1869999999999994
1746252,2017-07-21 09:06:01,19.589,60.078,Winter,17.0,71.0,972.4,0.0,0.0,N,2.5889999999999986
1746336,2017-07-21 11:06:01,20.59,59.55,Winter,19.1,59.0,972.2,0.0,1.5,E,1.4899999999999984
1746435,2017-07-21 13:06:01,23.593,45.611,Winter,21.7,48.0,969.4,0.0,1.3,ESE,1.8930000000000007
1746539,2017-07-21 15:06:01,25.094,39.329,Winter,23.5,40.0,968.2,0.0,1.2,E,1.5940000000000012
1746611,2017-07-21 17:06:01,23.593,42.416,Winter,21.3,47.0,967.6,0.0,0.0,N,2.2929999999999993
1746717,2017-07-21 19:06:01,21.091,50.421,Winter,15.0,70.0,968.2,0.0,0.0,N,6.091000000000001
1746814,2017-07-21 21:06:01,19.589,50.924,Winter,12.5,73.0,969.0,0.0,0.0,N,7.088999999999999
1746912,2017-07-21 23:06:01,18.086,53.293,Winter,10.4,82.0,969.1,0.0,0.0,N,7.685999999999998
1747025,2017-07-22 01:06:01,17.585,55.104,Winter,9.1,84.0,967.9,0.0,0.0,N,8.485000000000001
1747121,2017-07-22 03:06:01,16.582,56.875,Winter,8.0,87.0,967.4,0.0,0.0,N,8.582
1747207,2017-07-22 05:06:01,15.58,58.036,Winter,7.2,88.0,966.8,0.0,0.0,N,8.379999999999999
1747309,2017-07-22 07:06:01,15.078,61.024,Winter,7.4,88.0,967.5,0.0,0.0,N,7.677999999999999
1747414,2017-07-22 09:06:01,18.086,54.524,Winter,17.2,53.0,968.8,0.0,0.0,N,0.8859999999999992
1747496,2017-07-22 11:06:01,23.593,37.219,Winter,24.6,32.0,967.8,0.0,1.2,SW,-1.0070000000000014
1747600,2017-07-22 13:06:01,26.594,28.19,Winter,27.3,24.0,964.8,0.0,1.2,N,-0.7059999999999995
1747693,2017-07-22 15:06:01,27.593,22.13,Winter,26.9,21.0,963.9,0.0,1.3,NE,0.6930000000000014
1747774,2017-07-22 17:06:01,25.594,25.359,Winter,25.1,24.0,963.7,0.0,0.0,N,0.4939999999999998
1747903,2017-07-22 19:06:01,22.592,32.486,Winter,19.4,39.0,963.9,0.0,1.1,NNE,3.192
1748000,2017-07-22 21:06:01,20.59,36.93,Winter,17.3,38.0,965.7,0.0,0.0,N,3.289999999999999
1748078,2017-07-22 23:06:01,19.088,40.713,Winter,12.2,56.0,966.0,0.0,0.0,N,6.888000000000002
1748173,2017-07-23 01:06:01,18.086,41.924,Winter,10.1,57.0,965.6,0.0,0.0,N,7.985999999999999
1748288,2017-07-23 03:06:01,17.084,43.776,Winter,9.5,65.0,965.0,0.0,0.0,N,7.584
1748379,2017-07-23 05:06:01,16.081,44.983,Winter,7.8,73.0,966.2,0.0,0.0,N,8.280999999999999
1748456,2017-07-23 07:06:01,15.58,46.861,Winter,6.4,79.0,967.4,0.0,0.0,N,9.18
1748558,2017-07-23 09:06:01,18.587,40.02,Winter,17.0,42.0,968.7,0.0,1.5,SSW,1.5869999999999997
1748669,2017-07-23 11:06:01,23.093,31.868,Winter,24.0,25.0,968.8,0.0,1.3,E,-0.907
1748747,2017-07-23 13:06:01,26.094,24.727,Winter,25.2,23.0,967.0,0.0,1.9,E,0.8940000000000019
1748855,2017-07-23 15:06:01,26.594,25.465,Winter,26.5,22.0,966.6,0.0,1.8,E,0.0940000000000012
1748961,2017-07-23 17:06:01,24.594,29.333,Winter,23.7,32.0,966.8,0.0,1.3,E,0.8940000000000019
1749060,2017-07-23 19:06:01,22.592,36.463,Winter,16.8,46.0,969.1,0.0,0.0,N,5.791999999999998
1749168,2017-07-23 21:06:01,20.59,38.895,Winter,14.1,57.0,970.3,0.0,0.0,N,6.49
1749241,2017-07-23 23:06:01,19.589,41.404,Winter,12.1,68.0,972.1,0.0,0.0,N,7.488999999999999
1749362,2017-07-24 01:06:01,18.587,43.254,Winter,11.4,71.0,972.0,0.0,0.0,N,7.186999999999999
1749450,2017-07-24 03:06:01,17.585,45.733,Winter,9.6,76.0,972.3,0.0,0.0,N,7.985000000000001
1749530,2017-07-24 05:06:01,17.585,47.004,Winter,10.8,74.0,973.5,0.0,0.0,N,6.785
1749631,2017-07-24 07:06:01,18.587,58.812,Winter,14.5,79.0,974.6,0.0,0.0,N,4.087
1749739,2017-07-24 09:06:01,19.589,67.14,Winter,17.2,79.0,976.9,0.0,1.2,E,2.3889999999999993
1749838,2017-07-24 11:06:01,21.591,61.414,Winter,20.6,62.0,975.8,0.0,2.1,E,0.9909999999999997
1749916,2017-07-24 13:06:01,24.594,45.072,Winter,23.0,45.0,973.4,0.0,2.2,E,1.5940000000000012
1750005,2017-07-24 15:06:01,25.094,38.024,Winter,23.7,38.0,973.0,0.0,2.6,E,1.394000000000002
1750132,2017-07-24 17:06:01,23.593,41.126,Winter,22.4,41.0,972.6,0.0,1.7,E,1.1930000000000014
1750234,2017-07-24 19:06:01,21.591,46.696,Winter,15.4,66.0,973.2,0.0,0.0,N,6.191000000000001
1750315,2017-07-24 21:06:01,20.089,49.089,Winter,12.7,72.0,973.3,0.0,0.0,N,7.388999999999999
1750401,2017-07-24 23:06:01,18.587,49.599,Winter,10.7,77.0,973.9,0.0,0.0,N,7.8870000000000005
1750518,2017-07-25 01:06:01,17.585,51.4,Winter,11.0,74.0,973.8,0.0,0.0,N,6.585000000000001
1750597,2017-07-25 03:06:01,17.585,52.641,Winter,10.1,80.0,972.9,0.0,0.0,N,7.485000000000001
1750704,2017-07-25 05:06:01,16.582,54.428,Winter,9.2,83.0,973.9,0.0,0.0,N,7.3820000000000014
1750803,2017-07-25 07:06:01,16.582,56.875,Winter,10.1,80.0,974.6,0.0,0.0,N,6.482000000000001
1750912,2017-07-25 09:06:01,17.585,58.147,Winter,15.1,64.0,974.5,0.0,0.0,N,2.485000000000001
1750981,2017-07-25 11:06:01,21.091,55.355,Winter,20.3,53.0,974.0,0.0,0.0,N,0.7910000000000004
1751086,2017-07-25 13:06:01,23.593,44.338,Winter,24.2,39.0,971.2,0.0,1.3,NW,-0.6069999999999993
1751176,2017-07-25 15:06:01,25.594,32.792,Winter,24.8,31.0,969.3,0.0,0.0,N,0.7940000000000005
1751261,2017-07-25 17:06:01,24.093,31.97,Winter,22.6,37.0,969.1,0.0,0.0,N,1.4929999999999986
1751363,2017-07-25 19:06:01,21.591,41.583,Winter,14.9,61.0,969.0,0.0,0.0,N,6.691000000000001
1751454,2017-07-25 21:06:01,19.589,45.892,Winter,12.6,68.0,969.2,0.0,0.0,N,6.988999999999999
1751575,2017-07-25 23:06:01,18.086,47.674,Winter,10.3,72.0,969.6,0.0,0.0,N,7.785999999999998
1751644,2017-07-26 01:06:01,17.585,48.898,Winter,9.4,72.0,969.7,0.0,0.0,N,8.185
1751768,2017-07-26 03:06:01,17.084,50.117,Winter,9.3,74.0,969.1,0.0,0.0,N,7.783999999999999
1751846,2017-07-26 05:06:01,16.081,53.164,Winter,8.5,79.0,968.6,0.0,0.0,N,7.5809999999999995
1751951,2017-07-26 07:06:01,16.081,55.013,Winter,10.7,68.0,969.1,0.0,0.0,N,5.381
1752049,2017-07-26 09:06:01,19.088,47.119,Winter,19.5,42.0,970.3,0.0,0.0,N,-0.41199999999999903
1752127,2017-07-26 11:06:01,23.593,33.918,Winter,26.1,26.0,969.8,0.0,0.0,N,-2.5070000000000014
1752254,2017-07-26 13:06:01,27.593,22.821,Winter,28.2,18.0,968.6,0.0,1.2,ENE,-0.6069999999999993
1752340,2017-07-26 15:06:01,27.593,20.742,Winter,28.2,18.0,968.0,0.0,3.0,ENE,-0.6069999999999993
1752450,2017-07-26 17:06:01,25.094,34.071,Winter,24.4,36.0,969.8,0.0,3.9,E,0.6940000000000026
1752542,2017-07-26 19:06:01,23.593,46.245,Winter,20.9,50.0,971.1,0.0,2.9,E,2.6930000000000014
1752613,2017-07-26 21:06:01,22.592,51.171,Winter,19.3,61.0,973.0,0.0,2.7,E,3.291999999999998
1752721,2017-07-26 23:06:01,21.591,57.822,Winter,17.6,74.0,974.5,0.0,1.8,E,3.9909999999999997
1752807,2017-07-27 01:06:01,20.59,61.934,Winter,16.4,79.0,974.7,0.0,2.1,E,4.190000000000001
1752924,2017-07-27 03:06:01,19.589,60.676,Winter,14.8,80.0,974.3,0.0,1.2,ESE,4.788999999999998
1752988,2017-07-27 05:06:01,19.589,59.479,Winter,15.1,77.0,975.2,0.0,0.0,N,4.488999999999999
1753098,2017-07-27 07:06:01,18.587,65.337,Winter,14.2,81.0,975.3,0.0,0.0,N,4.3870000000000005
1753181,2017-07-27 09:06:01,20.59,58.95,Winter,18.3,63.0,976.7,0.0,2.0,E,2.289999999999999
1753306,2017-07-27 11:06:01,23.093,51.216,Winter,20.1,53.0,976.3,0.0,2.3,E,2.9929999999999986
1753404,2017-07-27 13:06:01,23.593,48.139,Winter,22.2,46.0,974.5,0.0,1.8,E,1.3930000000000007
1753472,2017-07-27 15:06:01,25.094,40.628,Winter,23.1,41.0,973.2,0.0,1.9,ENE,1.9939999999999998
1753564,2017-07-27 17:06:01,23.593,43.058,Winter,21.9,45.0,973.4,0.0,1.5,E,1.6930000000000014
1753668,2017-07-27 19:06:01,21.591,50.463,Winter,15.6,66.0,974.1,0.0,0.0,N,5.991000000000001
1753770,2017-07-27 21:06:01,20.089,52.204,Winter,13.7,73.0,974.6,0.0,0.0,N,6.388999999999999
1753862,2017-07-27 23:06:01,19.088,52.747,Winter,11.8,80.0,975.8,0.0,0.0,N,7.288
1753977,2017-07-28 01:06:01,18.086,53.909,Winter,11.3,83.0,975.8,0.0,0.0,N,6.785999999999998
1754068,2017-07-28 03:06:01,17.585,54.491,Winter,10.1,84.0,975.8,0.0,0.0,N,7.485000000000001
1754154,2017-07-28 05:06:01,17.585,56.326,Winter,11.5,85.0,976.4,0.0,0.0,N,6.085000000000001
1754244,2017-07-28 07:06:01,18.086,62.958,Winter,13.3,87.0,977.4,0.0,0.0,N,4.785999999999998
1754348,2017-07-28 09:06:01,19.088,68.265,Winter,17.6,73.0,978.1,0.0,1.2,E,1.4879999999999995
1754464,2017-07-28 11:06:01,22.592,54.256,Winter,21.5,54.0,977.3,0.0,2.2,E,1.0919999999999987
1754548,2017-07-28 13:06:01,24.594,41.87,Winter,24.0,38.0,975.2,0.0,2.6,E,0.5940000000000012
1754655,2017-07-28 15:06:01,24.594,36.662,Winter,23.3,36.0,974.4,0.0,2.6,E,1.2940000000000005
1754717,2017-07-28 17:06:01,23.593,37.219,Winter,22.9,35.0,974.1,0.0,1.8,ENE,0.6930000000000014
1754848,2017-07-28 19:06:01,21.591,46.063,Winter,15.7,59.0,974.6,0.0,0.0,N,5.891000000000002
1754943,2017-07-28 21:06:01,20.59,46.61,Winter,14.9,66.0,975.8,0.0,0.0,N,5.6899999999999995
1755033,2017-07-28 23:06:01,20.59,48.502,Winter,16.8,57.0,976.4,0.0,1.4,E,3.789999999999999
1755133,2017-07-29 01:06:01,20.089,54.666,Winter,16.5,68.0,976.5,0.0,1.2,E,3.5889999999999986
1755235,2017-07-29 03:06:01,19.589,58.277,Winter,15.4,77.0,975.9,0.0,1.3,ESE,4.188999999999998
1755324,2017-07-29 05:06:01,19.088,60.045,Winter,13.8,80.0,976.8,0.0,1.1,SE,5.288
1755390,2017-07-29 07:06:01,18.086,64.137,Winter,12.7,89.0,976.8,0.0,0.0,N,5.385999999999999
1755511,2017-07-29 09:06:01,21.091,59.587,Winter,18.8,64.0,977.7,0.0,1.6,SE,2.2910000000000004
1755586,2017-07-29 11:06:01,23.593,44.975,Winter,21.8,46.0,977.1,0.0,1.9,E,1.7929999999999993
1755696,2017-07-29 13:06:01,26.594,34.227,Winter,23.8,37.0,974.3,0.0,1.6,ENE,2.7940000000000005
1755778,2017-07-29 15:06:01,27.094,28.921,Winter,25.3,30.0,973.0,0.0,1.6,ENE,1.7940000000000005
1755875,2017-07-29 17:06:01,25.594,33.458,Winter,23.5,37.0,972.3,0.0,0.0,N,2.094000000000001
1755969,2017-07-29 19:06:01,22.592,41.03,Winter,16.5,59.0,972.7,0.0,0.0,N,6.091999999999999
1756080,2017-07-29 21:06:01,21.091,44.746,Winter,14.2,62.0,973.9,0.0,0.0,N,6.891000000000002
1756167,2017-07-29 23:06:01,20.089,45.933,Winter,12.0,67.0,973.8,0.0,0.0,N,8.088999999999999
1756277,2017-07-30 01:06:01,18.587,47.712,Winter,11.2,72.0,973.2,0.0,0.0,N,7.3870000000000005
1756369,2017-07-30 03:06:01,18.086,50.812,Winter,10.1,78.0,972.8,0.0,0.0,N,7.985999999999999
1756476,2017-07-30 05:06:01,17.084,53.227,Winter,9.3,81.0,973.0,0.0,0.0,N,7.783999999999999
1756560,2017-07-30 07:06:01,17.084,53.227,Winter,8.5,85.0,974.5,0.0,0.0,N,8.584
1756667,2017-07-30 09:06:01,20.089,50.963,Winter,19.3,49.0,975.1,0.0,0.0,N,0.7889999999999979
1756733,2017-07-30 11:06:01,24.594,43.155,Winter,24.1,43.0,973.9,0.0,0.0,N,0.4939999999999998
1756836,2017-07-30 13:06:01,25.594,36.106,Winter,25.0,31.0,972.2,0.0,0.0,N,0.5940000000000012
1756946,2017-07-30 15:06:01,25.594,36.764,Winter,25.6,33.0,970.8,0.0,1.3,ENE,-0.006000000000000227
1757020,2017-07-30 17:06:01,24.594,39.929,Winter,24.5,37.0,971.2,0.0,1.3,E,0.0940000000000012
1757123,2017-07-30 19:06:01,24.093,43.747,Winter,22.1,44.0,972.0,0.0,0.0,N,1.9929999999999986
1757232,2017-07-30 21:06:01,23.093,42.368,Winter,21.5,40.0,973.9,0.0,1.3,E,1.593
1757330,2017-07-30 23:06:01,22.592,53.642,Winter,19.9,59.0,974.6,0.0,3.4,E,2.692
1757430,2017-07-31 01:06:01,22.092,56.652,Winter,18.5,69.0,974.9,0.0,3.4,E,3.5919999999999987
1757539,2017-07-31 03:06:01,21.591,63.189,Winter,17.3,77.0,975.2,0.0,2.0,E,4.291
1757604,2017-07-31 05:06:01,21.091,64.327,Winter,17.2,79.0,975.7,0.0,1.9,E,3.891000000000002
1757725,2017-07-31 07:06:01,21.091,66.658,Winter,16.5,83.0,976.9,0.0,1.5,E,4.591000000000001
1757819,2017-07-31 09:06:01,21.591,63.189,Winter,17.6,72.0,977.9,0.0,1.9,E,3.9909999999999997
1757903,2017-07-31 11:06:01,22.592,56.087,Winter,19.2,63.0,976.9,0.0,1.7,E,3.3919999999999995
1758000,2017-07-31 13:06:01,24.594,48.861,Winter,21.7,53.0,975.9,0.0,2.0,E,2.894000000000002
1758083,2017-07-31 15:06:01,26.094,39.432,Winter,22.9,44.0,974.4,0.0,2.3,E,3.1940000000000026
1758207,2017-07-31 17:06:01,24.093,45.023,Winter,21.5,48.0,973.6,0.0,2.3,E,2.593
1758306,2017-07-31 19:06:01,22.592,53.027,Winter,17.9,66.0,975.3,0.0,1.9,E,4.692
1758393,2017-07-31 21:06:01,21.091,57.178,Winter,15.4,76.0,975.9,0.0,1.6,E,5.691000000000001
1758478,2017-07-31 23:06:01,20.089,58.914,Winter,14.4,84.0,976.5,0.0,0.0,N,5.688999999999998
1758578,2017-08-01 01:06:01,20.59,59.55,Winter,15.4,82.0,976.3,0.0,0.0,N,5.1899999999999995
1758690,2017-08-01 03:06:01,20.59,64.292,Winter,16.1,84.0,975.1,0.0,1.4,E,4.489999999999998
1758783,2017-08-01 05:06:01,20.089,66.011,Winter,16.3,84.0,975.3,0.0,1.2,E,3.788999999999998
1758852,2017-08-01 07:06:01,20.089,70.043,Winter,15.8,90.0,976.3,0.2,0.0,N,4.288999999999998
1758969,2017-08-01 09:06:01,20.59,69.503,Winter,16.9,82.0,977.5,0.0,1.2,E,3.6900000000000013
1759074,2017-08-01 11:06:01,22.092,63.227,Winter,19.3,66.0,977.3,0.0,1.3,E,2.791999999999998
1759158,2017-08-01 13:06:01,23.093,57.342,Winter,21.0,58.0,975.1,0.0,0.0,N,2.093
1759264,2017-08-01 15:06:01,23.093,54.911,Winter,21.4,54.0,974.0,0.0,0.0,N,1.6930000000000014
1759337,2017-08-01 17:06:01,22.592,55.478,Winter,20.7,60.0,973.9,0.0,0.0,N,1.8919999999999995
1759437,2017-08-01 19:06:01,22.092,59.665,Winter,17.4,74.0,974.3,0.0,0.0,N,4.692
1759516,2017-08-01 21:06:01,21.591,60.82,Winter,16.8,77.0,974.5,0.0,0.0,N,4.791
1759626,2017-08-01 23:06:01,21.091,61.97,Winter,16.3,79.0,974.1,0.0,0.0,N,4.791
1759740,2017-08-02 01:06:01,20.59,63.116,Winter,15.9,80.0,973.4,0.0,0.0,N,4.6899999999999995
1759811,2017-08-02 03:06:01,20.089,63.671,Winter,15.7,82.0,973.0,0.0,0.0,N,4.388999999999999
1759939,2017-08-02 05:06:01,20.089,65.428,Winter,15.4,83.0,972.9,0.0,0.0,N,4.688999999999998
1759996,2017-08-02 07:06:01,20.089,68.325,Winter,15.0,86.0,973.8,0.0,0.0,N,5.088999999999999
1760109,2017-08-02 09:06:01,20.59,67.203,Winter,19.2,67.0,974.5,0.0,0.0,N,1.3900000000000006
1760219,2017-08-02 11:06:01,23.593,51.881,Winter,24.6,43.0,973.5,0.0,1.2,SW,-1.0070000000000014
1760312,2017-08-02 13:06:01,26.094,35.499,Winter,26.1,28.0,971.6,0.0,1.5,S,-0.006000000000000227
1760405,2017-08-02 15:06:01,26.594,34.89,Winter,26.3,26.0,970.4,0.0,1.6,SE,0.2940000000000005
1760488,2017-08-02 17:06:01,25.594,33.458,Winter,25.1,28.0,970.6,0.0,1.2,SSE,0.4939999999999998
1760582,2017-08-02 19:06:01,23.093,43.01,Winter,18.8,48.0,970.9,0.0,0.0,N,4.292999999999999
1760697,2017-08-02 21:06:01,23.093,42.368,Winter,18.2,48.0,971.6,0.0,0.0,N,4.893000000000001
1760781,2017-08-02 23:06:01,20.59,47.242,Winter,14.0,64.0,971.4,0.0,0.0,N,6.59
1760861,2017-08-03 01:06:01,19.589,48.421,Winter,12.7,65.0,971.7,0.0,0.0,N,6.888999999999999
1760967,2017-08-03 03:06:01,19.589,49.049,Winter,12.8,66.0,970.9,0.0,0.0,N,6.788999999999998
1761079,2017-08-03 05:06:01,18.587,52.091,Winter,12.8,68.0,971.5,0.0,0.0,N,5.786999999999999
1761186,2017-08-03 07:06:01,18.086,53.293,Winter,11.0,76.0,972.0,0.0,0.0,N,7.0859999999999985
1761244,2017-08-03 09:06:01,22.092,45.472,Winter,19.5,45.0,972.9,0.0,1.2,E,2.5919999999999987
1761365,2017-08-03 11:06:01,25.594,32.125,Winter,24.6,32.0,972.2,0.0,1.6,E,0.9939999999999998
1761452,2017-08-03 13:06:01,27.593,28.974,Winter,26.5,29.0,970.2,0.0,1.9,E,1.093
1761552,2017-08-03 15:06:01,28.093,24.254,Winter,27.2,23.0,969.1,0.0,2.1,ENE,0.8930000000000007
1761639,2017-08-03 17:06:01,26.094,32.845,Winter,24.8,33.0,970.1,0.0,2.5,ENE,1.2940000000000005
1761753,2017-08-03 19:06:01,24.594,38.627,Winter,20.9,43.0,971.0,0.0,0.0,N,3.6940000000000026
1761843,2017-08-03 21:06:01,24.093,42.464,Winter,18.6,53.0,972.4,0.0,0.0,N,5.4929999999999986
1761921,2017-08-03 23:06:01,23.093,43.01,Winter,19.6,49.0,973.3,0.0,1.8,E,3.4929999999999986
1762019,2017-08-04 01:06:01,22.092,48.002,Winter,16.5,64.0,972.7,0.0,1.3,E,5.591999999999999
1762129,2017-08-04 03:06:01,21.591,49.839,Winter,16.6,67.0,972.7,0.0,0.0,N,4.991
1762218,2017-08-04 05:06:01,21.591,53.558,Winter,16.8,72.0,972.2,0.0,1.2,E,4.791
1762306,2017-08-04 07:06:01,20.089,63.671,Winter,15.8,87.0,973.3,0.2,1.3,E,4.288999999999998
1762435,2017-08-04 09:06:01,21.091,64.912,Winter,15.5,92.0,973.4,0.2,0.0,N,5.591000000000001
1762536,2017-08-04 11:06:01,22.092,66.731,Winter,17.9,75.0,972.6,0.0,0.0,N,4.192
1762614,2017-08-04 13:06:01,23.093,56.737,Winter,20.9,59.0,970.4,0.0,1.4,NNW,2.1930000000000014
1762694,2017-08-04 15:06:01,24.093,50.064,Winter,21.3,55.0,967.8,0.0,1.6,N,2.7929999999999993
1762815,2017-08-04 17:06:01,23.093,48.092,Winter,20.1,54.0,968.5,0.0,1.2,N,2.9929999999999986
1762899,2017-08-04 19:06:01,21.591,54.172,Winter,15.3,72.0,968.7,0.0,0.0,N,6.291
1763013,2017-08-04 21:06:01,20.089,56.496,Winter,13.6,77.0,969.7,0.0,0.0,N,6.488999999999999
1763075,2017-08-04 23:06:01,19.088,56.425,Winter,11.6,82.0,970.4,0.0,0.0,N,7.488000000000001
1763181,2017-08-05 01:06:01,18.086,58.178,Winter,10.5,86.0,969.8,0.0,0.0,N,7.5859999999999985
1763288,2017-08-05 03:06:01,17.084,58.722,Winter,9.6,88.0,968.8,0.0,0.0,N,7.484
1763383,2017-08-05 05:06:01,16.081,59.872,Winter,8.7,91.0,968.2,0.0,0.0,N,7.381
1763492,2017-08-05 07:06:01,16.081,64.627,Winter,8.6,91.0,969.4,0.0,0.0,N,7.481
1763564,2017-08-05 09:06:01,18.587,60.611,Winter,17.1,61.0,970.5,0.0,0.0,N,1.4869999999999983
1763660,2017-08-05 11:06:01,22.092,50.506,Winter,22.3,44.0,969.8,0.0,1.1,SW,-0.20800000000000196
1763758,2017-08-05 13:06:01,25.594,38.729,Winter,25.9,33.0,966.8,0.0,1.4,SW,-0.3059999999999974
1763848,2017-08-05 15:06:01,27.094,32.283,Winter,27.1,29.0,965.1,0.0,1.2,SW,-0.006000000000000227
1763961,2017-08-05 17:06:01,26.094,32.845,Winter,24.8,38.0,965.2,0.0,0.0,N,1.2940000000000005
1764058,2017-08-05 19:06:01,23.093,43.651,Winter,17.4,60.0,966.0,0.0,0.0,N,5.693000000000001
1764148,2017-08-05 21:06:01,21.591,46.696,Winter,15.9,62.0,966.6,0.0,0.0,N,5.691000000000001
1764241,2017-08-05 23:06:01,20.59,46.61,Winter,14.2,66.0,967.0,0.0,0.0,N,6.390000000000001
1764356,2017-08-06 01:06:01,19.589,49.049,Winter,12.6,71.0,967.2,0.0,0.0,N,6.988999999999999
1764447,2017-08-06 03:06:01,19.088,47.119,Winter,13.6,63.0,965.8,0.0,0.0,N,5.488000000000001
1764526,2017-08-06 05:06:01,18.587,48.972,Winter,13.4,57.0,967.9,0.0,1.1,ESE,5.186999999999999
1764633,2017-08-06 07:06:01,18.587,54.558,Winter,13.6,73.0,970.3,0.0,1.2,ESE,4.987
1764728,2017-08-06 09:06:01,20.59,55.926,Winter,18.0,63.0,971.8,0.0,1.2,ESE,2.59
1764817,2017-08-06 11:06:01,23.093,53.071,Winter,22.0,54.0,971.6,0.0,2.1,E,1.093
1764933,2017-08-06 13:06:01,26.594,43.359,Winter,25.3,42.0,969.9,0.0,1.7,E,1.2940000000000005
1764995,2017-08-06 15:06:01,27.593,36.975,Winter,25.8,38.0,968.5,0.0,1.7,E,1.7929999999999993
1765128,2017-08-06 17:06:01,26.094,39.432,Winter,24.6,43.0,968.6,0.0,1.3,E,1.4939999999999998
1765189,2017-08-06 19:06:01,24.093,48.186,Winter,18.3,62.0,969.2,0.0,0.0,N,5.792999999999999
1765287,2017-08-06 21:06:01,22.092,50.506,Winter,16.2,69.0,970.3,0.0,0.0,N,5.8919999999999995
1765412,2017-08-06 23:06:01,21.091,51.664,Winter,15.5,72.0,971.5,0.0,0.0,N,5.591000000000001
1765502,2017-08-07 01:06:01,20.59,57.745,Winter,15.2,77.0,972.2,0.0,0.0,N,5.390000000000001
1765584,2017-08-07 03:06:01,21.091,60.185,Winter,16.7,80.0,972.4,0.0,0.0,N,4.391000000000002
1765670,2017-08-07 05:06:01,21.091,63.74,Winter,16.6,84.0,972.4,0.0,0.0,N,4.491
1765770,2017-08-07 07:06:01,20.59,67.203,Winter,16.7,83.0,973.3,0.0,0.0,N,3.8900000000000006
1765881,2017-08-07 09:06:01,21.591,67.849,Winter,18.5,74.0,974.5,0.0,1.5,ENE,3.091000000000001
1765963,2017-08-07 11:06:01,23.093,56.737,Winter,20.6,63.0,974.7,0.0,1.8,NNE,2.4929999999999986
1766076,2017-08-07 13:06:01,25.594,47.703,Winter,23.7,47.0,972.1,0.0,1.5,NE,1.894000000000002
1766178,2017-08-07 15:06:01,26.094,46.492,Winter,24.8,44.0,970.8,0.0,1.6,E,1.2940000000000005
1766273,2017-08-07 17:06:01,25.094,43.846,Winter,23.9,44.0,970.6,0.0,1.2,NE,1.1940000000000026
1766365,2017-08-07 19:06:01,23.593,50.64,Winter,18.2,64.0,971.0,0.0,0.0,N,5.393000000000001
1766444,2017-08-07 21:06:01,22.092,53.599,Winter,19.7,59.0,972.2,0.0,0.0,N,2.3919999999999995
1766549,2017-08-07 23:06:01,20.59,55.316,Winter,15.3,73.0,972.8,0.0,0.0,N,5.289999999999999
1766645,2017-08-08 01:06:01,19.589,56.46,Winter,13.9,77.0,972.3,0.0,0.0,N,5.688999999999998
1766756,2017-08-08 03:06:01,18.587,57.605,Winter,11.2,86.0,972.2,0.0,0.0,N,7.3870000000000005
1766856,2017-08-08 05:06:01,17.585,57.542,Winter,10.4,88.0,972.2,0.0,0.0,N,7.1850000000000005
1766937,2017-08-08 07:06:01,18.086,60.581,Winter,10.8,86.0,973.8,0.0,0.0,N,7.285999999999998
1767018,2017-08-08 09:06:01,19.088,61.239,Winter,14.6,84.0,975.2,0.0,0.0,N,4.488000000000001
1767135,2017-08-08 11:06:01,20.59,63.116,Winter,18.1,72.0,975.7,0.0,0.0,N,2.4899999999999984
1767213,2017-08-08 13:06:01,22.592,57.3,Winter,20.8,56.0,973.7,0.0,1.2,ENE,1.791999999999998
1767315,2017-08-08 15:06:01,24.093,49.439,Winter,23.3,46.0,971.4,0.0,1.1,NE,0.7929999999999993
1767416,2017-08-08 17:06:01,23.593,48.766,Winter,22.6,49.0,971.7,0.0,0.0,N,0.9929999999999986
1767520,2017-08-08 19:06:01,21.091,56.572,Winter,16.3,73.0,972.6,0.0,0.0,N,4.791
1767623,2017-08-08 21:06:01,20.089,58.312,Winter,13.6,80.0,973.7,0.0,0.0,N,6.488999999999999
1767693,2017-08-08 23:06:01,18.587,58.812,Winter,12.0,82.0,974.1,0.0,0.0,N,6.587
1767814,2017-08-09 01:06:01,18.086,59.983,Winter,10.9,86.0,973.7,0.0,0.0,N,7.185999999999998
1767903,2017-08-09 03:06:01,17.084,61.121,Winter,10.1,87.0,973.9,0.0,0.0,N,6.984
1767995,2017-08-09 05:06:01,16.582,61.095,Winter,9.2,89.0,974.6,0.0,0.0,N,7.3820000000000014
1768078,2017-08-09 07:06:01,16.081,64.038,Winter,9.0,89.0,976.1,0.0,0.0,N,7.0809999999999995
1768177,2017-08-09 09:06:01,18.086,62.366,Winter,15.6,69.0,977.0,0.0,0.0,N,2.485999999999999
1768275,2017-08-09 11:06:01,21.591,54.172,Winter,21.0,52.0,976.4,0.0,0.0,N,0.5910000000000011
1768374,2017-08-09 13:06:01,24.093,44.386,Winter,24.0,42.0,974.5,0.0,1.3,ENE,0.09299999999999997
1768479,2017-08-09 15:06:01,25.094,39.979,Winter,25.3,36.0,972.2,0.0,1.3,NNE,-0.20599999999999952
1768584,2017-08-09 17:06:01,24.594,39.929,Winter,23.7,38.0,972.3,0.0,1.6,ENE,0.8940000000000019
1768666,2017-08-09 19:06:01,22.092,50.506,Winter,17.2,59.0,972.8,0.0,0.0,N,4.8919999999999995
1768753,2017-08-09 21:06:01,20.59,51.624,Winter,14.5,69.0,972.9,0.0,0.0,N,6.09
1768860,2017-08-09 23:06:01,19.088,53.364,Winter,12.5,75.0,973.8,0.0,0.0,N,6.588000000000001
1768946,2017-08-10 01:06:01,18.587,54.558,Winter,11.2,74.0,972.9,0.0,0.0,N,7.3870000000000005
1769036,2017-08-10 03:06:01,17.585,56.326,Winter,10.7,81.0,972.4,0.0,0.0,N,6.885000000000002
1769141,2017-08-10 05:06:01,16.582,59.296,Winter,9.6,84.0,972.6,0.0,0.0,N,6.982000000000001
1769233,2017-08-10 07:06:01,16.081,61.667,Winter,9.5,85.0,973.3,0.0,0.0,N,6.5809999999999995
1769349,2017-08-10 09:06:01,19.589,59.479,Winter,18.9,60.0,974.1,0.0,0.0,N,0.6890000000000001
1769414,2017-08-10 11:06:01,23.093,49.971,Winter,22.5,48.0,973.9,0.0,0.0,N,0.593
1769507,2017-08-10 13:06:01,25.094,39.979,Winter,25.0,36.0,971.2,0.0,0.0,N,0.0940000000000012
1769631,2017-08-10 15:06:01,26.594,34.227,Winter,25.7,32.0,969.8,0.0,1.2,NE,0.8940000000000019
1769715,2017-08-10 17:06:01,25.594,32.792,Winter,24.5,34.0,969.9,0.0,0.0,N,1.0940000000000012
1769796,2017-08-10 19:06:01,23.093,41.724,Winter,17.4,56.0,970.5,0.0,0.0,N,5.693000000000001
1769927,2017-08-10 21:06:01,21.091,46.019,Winter,14.2,65.0,971.1,0.0,0.0,N,6.891000000000002
1770001,2017-08-10 23:06:01,19.589,47.16,Winter,12.3,68.0,972.0,0.0,0.0,N,7.288999999999998
1770121,2017-08-11 01:06:01,18.587,47.712,Winter,10.6,70.0,970.8,0.0,0.0,N,7.987
1770193,2017-08-11 03:06:01,17.585,51.4,Winter,9.8,76.0,970.0,0.0,0.0,N,7.785
1770286,2017-08-11 05:06:01,16.582,53.195,Winter,8.7,78.0,970.8,0.0,0.0,N,7.8820000000000014
1770377,2017-08-11 07:06:01,17.084,53.844,Winter,8.9,77.0,971.8,0.0,0.0,N,8.184
1770494,2017-08-11 09:06:01,20.089,45.933,Winter,20.1,42.0,971.7,0.0,0.0,N,-0.011000000000002785
1770592,2017-08-11 11:06:01,24.594,34.683,Winter,26.3,28.0,971.2,0.0,1.3,NNW,-1.7059999999999995
1770667,2017-08-11 13:06:01,28.093,24.94,Winter,27.6,25.0,969.8,0.0,1.4,NE,0.49299999999999855
1770757,2017-08-11 15:06:01,29.092,24.361,Winter,28.6,22.0,968.2,0.0,1.3,ENE,0.49199999999999733
1770863,2017-08-11 17:06:01,27.094,26.884,Winter,27.1,21.0,968.7,0.0,1.1,ENE,-0.006000000000000227
1770973,2017-08-11 19:06:01,24.093,29.956,Winter,18.0,41.0,968.7,0.0,0.0,N,6.093
1771084,2017-08-11 21:06:01,21.591,37.024,Winter,15.5,50.0,970.3,0.0,0.0,N,6.091000000000001
1771156,2017-08-11 23:06:01,20.59,38.895,Winter,13.0,58.0,970.2,0.0,0.0,N,7.59
1771249,2017-08-12 01:06:01,19.088,40.064,Winter,11.5,56.0,970.6,0.0,0.0,N,7.588000000000001
1771364,2017-08-12 03:06:01,18.086,41.924,Winter,10.2,63.0,970.5,0.0,0.0,N,7.885999999999999
1771460,2017-08-12 05:06:01,17.585,44.456,Winter,9.0,66.0,970.0,0.0,0.0,N,8.585
1771542,2017-08-12 07:06:01,17.084,45.057,Winter,8.9,71.0,971.1,0.0,0.0,N,8.184
1771629,2017-08-12 09:06:01,20.59,35.612,Winter,20.0,34.0,972.1,0.0,0.0,N,0.5899999999999999
1771728,2017-08-12 11:06:01,25.594,28.085,Winter,26.6,22.0,970.4,0.0,0.0,N,-1.0060000000000002
1771834,2017-08-12 13:06:01,28.593,20.152,Winter,29.5,17.0,969.3,0.0,0.0,N,-0.907
1771935,2017-08-12 15:06:01,29.592,19.56,Winter,29.7,17.0,968.0,0.0,1.3,NE,-0.10800000000000054
1772042,2017-08-12 17:06:01,28.093,22.183,Winter,27.8,19.0,967.4,0.0,1.7,ENE,0.29299999999999926
1772134,2017-08-12 19:06:01,25.094,30.732,Winter,19.7,39.0,969.0,0.0,0.0,N,5.394000000000002
1772216,2017-08-12 21:06:01,23.093,34.531,Winter,23.7,31.0,969.8,0.0,1.5,NE,-0.6069999999999993
1772336,2017-08-12 23:06:01,21.591,36.367,Winter,17.4,48.0,970.3,0.0,0.0,N,4.1910000000000025
1772403,2017-08-13 01:06:01,20.089,38.196,Winter,13.4,59.0,970.2,0.0,0.0,N,6.688999999999998
1772506,2017-08-13 03:06:01,19.088,40.713,Winter,11.0,63.0,969.6,0.0,0.0,N,8.088000000000001
1772620,2017-08-13 05:06:01,18.086,41.924,Winter,10.2,67.0,970.2,0.0,0.0,N,7.885999999999999
1772700,2017-08-13 07:06:01,18.587,42.61,Winter,9.7,68.0,970.9,0.0,0.0,N,8.887
1772823,2017-08-13 09:06:01,21.591,39.639,Winter,20.6,40.0,972.6,0.0,0.0,N,0.9909999999999997
1772904,2017-08-13 11:06:01,26.094,36.158,Winter,25.8,37.0,971.2,0.0,0.0,N,0.2940000000000005
1772984,2017-08-13 13:06:01,27.593,31.667,Winter,27.4,28.0,969.1,0.0,1.3,E,0.1930000000000014
1773089,2017-08-13 15:06:01,29.092,27.099,Winter,28.1,26.0,967.8,0.0,2.1,E,0.9919999999999973
1773185,2017-08-13 17:06:01,27.593,27.618,Winter,26.6,28.0,968.0,0.0,1.6,ENE,0.9929999999999986
1773292,2017-08-13 19:06:01,24.594,35.344,Winter,18.7,47.0,969.1,0.0,0.0,N,5.894000000000002
1773369,2017-08-13 21:06:01,22.592,37.776,Winter,15.8,59.0,970.0,0.0,0.0,N,6.791999999999998
1773483,2017-08-13 23:06:01,21.091,39.593,Winter,14.1,59.0,970.3,0.0,0.0,N,6.991000000000001
1773569,2017-08-14 01:06:01,20.089,41.448,Winter,12.4,63.0,970.2,0.0,0.0,N,7.688999999999998
1773674,2017-08-14 03:06:01,19.088,42.007,Winter,11.2,68.0,970.6,0.0,0.0,N,7.888000000000002
1773770,2017-08-14 05:06:01,18.086,45.135,Winter,10.0,76.0,971.6,0.0,0.0,N,8.085999999999999
1773851,2017-08-14 07:06:01,18.587,51.471,Winter,12.0,72.0,973.9,0.0,0.0,N,6.587
1773961,2017-08-14 09:06:01,20.59,52.243,Winter,18.1,63.0,975.0,0.0,1.6,ESE,2.4899999999999984
1774064,2017-08-14 11:06:01,23.593,54.344,Winter,21.6,56.0,974.5,0.0,1.5,E,1.9929999999999986
1774145,2017-08-14 13:06:01,25.594,42.614,Winter,24.7,44.0,972.1,0.0,1.5,E,0.8940000000000019
1774244,2017-08-14 15:06:01,27.094,37.578,Winter,25.6,38.0,970.8,0.0,1.6,E,1.4939999999999998
1774361,2017-08-14 17:06:01,25.594,38.729,Winter,24.4,40.0,970.8,0.0,1.1,E,1.1940000000000026
1774424,2017-08-14 19:06:01,23.593,46.245,Winter,18.0,59.0,970.5,0.0,0.0,N,5.593
1774525,2017-08-14 21:06:01,22.092,48.002,Winter,15.3,70.0,971.2,0.0,0.0,N,6.791999999999998
1774634,2017-08-14 23:06:01,20.59,48.502,Winter,13.4,69.0,971.1,0.0,0.0,N,7.1899999999999995
1774750,2017-08-15 01:06:01,19.589,50.3,Winter,12.0,75.0,970.5,0.0,0.0,N,7.588999999999999
1774811,2017-08-15 03:06:01,18.587,51.471,Winter,10.8,81.0,969.2,0.0,0.0,N,7.786999999999999
1774913,2017-08-15 05:06:01,18.086,55.748,Winter,10.6,83.0,969.0,0.0,0.0,N,7.485999999999999
1775016,2017-08-15 07:06:01,17.585,57.542,Winter,10.3,82.0,969.1,0.0,0.0,N,7.285
1775096,2017-08-15 09:06:01,20.59,52.243,Winter,20.4,50.0,969.1,0.0,0.0,N,0.19000000000000128
1775207,2017-08-15 11:06:01,25.594,38.076,Winter,26.7,32.0,967.9,0.0,1.8,WSW,-1.105999999999998
1775296,2017-08-15 13:06:01,27.593,28.297,Winter,30.0,22.0,965.6,0.0,1.5,NW,-2.407
1775399,2017-08-15 15:06:01,29.592,23.726,Winter,30.8,19.0,963.1,0.0,1.1,NNW,-1.208000000000002
1775492,2017-08-15 17:06:01,28.093,25.626,Winter,28.9,21.0,962.6,0.0,1.2,W,-0.8069999999999986
1775581,2017-08-15 19:06:01,25.594,30.784,Winter,21.2,35.0,963.1,0.0,0.0,N,4.394000000000002
1775685,2017-08-15 21:06:01,23.593,35.243,Winter,18.1,43.0,964.0,0.0,0.0,N,5.4929999999999986
1775803,2017-08-15 23:06:01,22.092,36.415,Winter,16.5,43.0,963.5,0.0,0.0,N,5.591999999999999
1775898,2017-08-16 01:06:01,20.59,39.547,Winter,13.8,55.0,963.0,0.0,0.0,N,6.789999999999999
1775985,2017-08-16 03:06:01,19.088,42.007,Winter,11.5,62.0,961.7,0.0,0.0,N,7.588000000000001
1776092,2017-08-16 05:06:01,18.587,41.319,Winter,10.2,65.0,961.9,0.0,0.0,N,8.387
1776175,2017-08-16 07:06:01,18.587,41.965,Winter,10.9,65.0,961.7,0.0,0.0,N,7.686999999999999
1776251,2017-08-16 09:06:01,22.592,31.817,Winter,24.1,26.0,962.2,0.0,0.0,N,-1.5080000000000027
1776362,2017-08-16 11:06:01,27.593,20.742,Winter,30.2,16.0,960.5,0.0,1.5,WSW,-2.6069999999999993
1776443,2017-08-16 13:06:01,30.091,16.097,Winter,32.8,13.0,957.6,0.0,1.6,SW,-2.708999999999996
1776546,2017-08-16 15:06:01,31.09,14.071,Winter,32.6,11.0,956.3,0.0,1.7,WSW,-1.5100000000000016
1776658,2017-08-16 17:06:01,29.592,16.044,Winter,29.8,14.0,955.7,0.0,1.9,WSW,-0.20800000000000196
1776752,2017-08-16 19:06:01,26.094,21.276,Winter,21.2,26.0,956.0,0.0,0.0,N,4.894000000000002
1776860,2017-08-16 21:06:01,24.093,25.885,Winter,17.4,35.0,956.3,0.0,0.0,N,6.693000000000001
1776926,2017-08-16 23:06:01,22.092,29.076,Winter,15.4,42.0,956.0,0.0,0.0,N,6.691999999999998
1777042,2017-08-17 01:06:01,21.091,30.997,Winter,12.5,49.0,955.7,0.0,0.0,N,8.591000000000001
1777127,2017-08-17 03:06:01,20.59,30.274,Winter,16.1,33.0,955.2,0.0,0.0,N,4.489999999999998
1777240,2017-08-17 05:06:01,19.589,31.521,Winter,12.2,51.0,955.2,0.0,0.0,N,7.388999999999999
1777341,2017-08-17 07:06:01,18.587,30.751,Winter,10.9,57.0,957.5,0.0,0.0,N,7.686999999999999
1777428,2017-08-17 09:06:01,22.592,20.205,Winter,23.1,18.0,959.1,0.0,1.7,SSW,-0.5080000000000027
1777509,2017-08-17 11:06:01,26.594,12.883,Winter,28.5,11.0,957.5,0.0,1.6,SSW,-1.9059999999999988
1777617,2017-08-17 13:06:01,29.092,11.002,Winter,31.0,8.0,955.9,0.0,2.0,SW,-1.9080000000000013
1777699,2017-08-17 15:06:01,30.091,9.665,Winter,31.8,8.0,954.9,0.0,1.7,SW,-1.7089999999999996
1777825,2017-08-17 17:06:01,29.092,9.562,Winter,29.2,9.0,956.6,0.0,1.4,SSW,-0.10800000000000054
1777911,2017-08-17 19:06:01,25.594,15.617,Winter,19.4,19.0,959.6,0.0,0.0,N,6.194000000000003
1777994,2017-08-17 21:06:01,24.093,35.293,Winter,19.4,58.0,963.0,0.0,1.8,ESE,4.693000000000001
1778094,2017-08-17 23:06:01,23.093,43.651,Winter,17.3,61.0,964.4,0.0,3.0,E,5.792999999999999
1778212,2017-08-18 01:06:01,22.092,42.917,Winter,16.3,59.0,966.1,0.0,2.3,E,5.791999999999998
1778280,2017-08-18 03:06:01,21.091,42.826,Winter,14.7,61.0,966.5,0.0,1.4,ESE,6.391000000000002
1778402,2017-08-18 05:06:01,20.089,42.738,Winter,13.3,65.0,967.2,0.0,0.0,N,6.788999999999998
1778490,2017-08-18 07:06:01,19.589,47.16,Winter,13.3,65.0,967.2,0.0,0.0,N,6.288999999999998
1778588,2017-08-18 09:06:01,22.092,39.686,Winter,13.3,65.0,967.2,0.0,0.0,N,8.791999999999998
1778676,2017-08-18 11:06:01,24.093,31.97,Winter,21.8,31.0,968.5,0.0,3.1,E,2.2929999999999993
1778768,2017-08-18 13:06:01,25.594,27.406,Winter,21.8,31.0,968.5,0.0,3.1,E,3.7940000000000005
1778884,2017-08-18 15:06:01,25.094,28.032,Winter,22.0,30.0,967.8,0.0,2.7,E,3.094000000000001
1778955,2017-08-18 17:06:01,24.093,28.605,Winter,21.2,30.0,969.2,0.0,2.9,E,2.8930000000000007
1779058,2017-08-18 19:06:01,22.592,32.486,Winter,18.7,38.0,971.0,0.0,2.3,E,3.8919999999999995
1779153,2017-08-18 21:06:01,21.591,36.367,Winter,16.6,46.0,973.0,0.0,1.9,E,4.991
1779251,2017-08-18 23:06:01,19.589,38.804,Winter,13.5,57.0,975.1,0.0,0.0,N,6.088999999999999
1779358,2017-08-19 01:06:01,19.589,40.757,Winter,15.4,50.0,974.1,0.0,2.4,E,4.188999999999998
1779460,2017-08-19 03:06:01,18.587,38.716,Winter,14.1,49.0,975.0,0.0,2.4,E,4.487
1779552,2017-08-19 05:06:01,17.585,40.586,Winter,12.6,53.0,975.7,0.0,2.1,E,4.985000000000001
1779626,2017-08-19 07:06:01,18.086,41.924,Winter,10.0,66.0,977.0,0.0,0.0,N,8.085999999999999
1779732,2017-08-19 09:06:01,20.089,36.225,Winter,16.3,42.0,978.3,0.0,3.5,E,3.788999999999998
1779829,2017-08-19 11:06:01,22.092,33.103,Winter,19.0,37.0,977.3,0.0,3.1,E,3.0919999999999987
1779940,2017-08-19 13:06:01,24.093,29.956,Winter,20.9,32.0,975.5,0.0,3.4,E,3.1930000000000014
1780025,2017-08-19 15:06:01,24.093,28.605,Winter,21.5,29.0,973.9,0.0,3.4,E,2.593
1780122,2017-08-19 17:06:01,23.093,31.198,Winter,20.4,34.0,973.5,0.0,3.1,E,2.6930000000000014
1780199,2017-08-19 19:06:01,22.092,35.756,Winter,17.7,40.0,974.9,0.0,1.3,E,4.3919999999999995
1780328,2017-08-19 21:06:01,21.091,40.242,Winter,17.4,47.0,976.2,0.0,3.3,E,3.6910000000000025
1780423,2017-08-19 23:06:01,19.589,45.892,Winter,14.7,62.0,977.0,0.0,2.9,E,4.888999999999999
1780506,2017-08-20 01:06:01,18.587,48.972,Winter,13.0,72.0,977.3,0.0,2.0,E,5.587
1780581,2017-08-20 03:06:01,17.585,52.641,Winter,11.7,78.0,976.1,0.0,1.4,ESE,5.885000000000002
1780714,2017-08-20 05:06:01,17.084,53.227,Winter,9.3,85.0,977.3,0.0,0.0,N,7.783999999999999
1780800,2017-08-20 07:06:01,16.081,59.872,Winter,8.8,85.0,978.0,0.0,0.0,N,7.280999999999999
1780877,2017-08-20 09:06:01,20.089,49.715,Winter,16.7,55.0,978.5,0.0,1.6,E,3.3889999999999993
1780975,2017-08-20 11:06:01,22.092,39.686,Winter,19.3,43.0,976.9,0.0,2.3,E,2.791999999999998
1781078,2017-08-20 13:06:01,24.093,34.632,Winter,21.9,33.0,974.3,0.0,1.9,E,2.1930000000000014
1781187,2017-08-20 15:06:01,25.094,30.06,Winter,22.5,29.0,972.6,0.0,2.0,ENE,2.594000000000001
1781275,2017-08-20 17:06:01,23.593,31.249,Winter,21.4,31.0,973.0,0.0,1.4,E,2.1930000000000014
1781364,2017-08-20 19:06:01,21.591,36.367,Winter,14.8,51.0,973.9,0.0,0.0,N,6.791
1781453,2017-08-20 21:06:01,20.59,40.197,Winter,14.4,56.0,974.7,0.0,1.3,E,6.1899999999999995
1781579,2017-08-20 23:06:01,19.589,46.527,Winter,12.4,71.0,975.6,0.0,0.0,N,7.188999999999998
1781665,2017-08-21 01:06:01,18.086,48.934,Winter,11.2,79.0,975.1,0.0,0.0,N,6.885999999999999
1781735,2017-08-21 03:06:01,17.084,49.49,Winter,8.7,84.0,974.4,0.0,0.0,N,8.384
1781843,2017-08-21 05:06:01,16.081,50.05,Winter,7.8,84.0,973.5,0.0,0.0,N,8.280999999999999
1781943,2017-08-21 07:06:01,16.081,50.676,Winter,7.7,81.0,974.4,0.0,0.0,N,8.381
1782059,2017-08-21 09:06:01,20.089,48.461,Winter,16.7,58.0,974.9,0.0,0.0,N,3.3889999999999993
1782152,2017-08-21 11:06:01,22.592,42.32,Winter,19.7,44.0,973.2,0.0,1.3,NE,2.8919999999999995
1782252,2017-08-21 13:06:01,24.594,35.344,Winter,22.8,36.0,970.5,0.0,1.1,S,1.7940000000000005
1782335,2017-08-21 15:06:01,26.094,30.164,Winter,23.9,30.0,968.0,0.0,1.2,E,2.1940000000000026
1782406,2017-08-21 17:06:01,24.594,30.68,Winter,23.3,30.0,967.9,0.0,0.0,N,1.2940000000000005
1782505,2017-08-21 19:06:01,22.092,36.415,Winter,16.4,50.0,968.1,0.0,0.0,N,5.692
1782623,2017-08-21 21:06:01,20.59,39.547,Winter,13.7,58.0,968.8,0.0,0.0,N,6.890000000000001
1782729,2017-08-21 23:06:01,19.088,41.361,Winter,12.0,61.0,967.9,0.0,0.0,N,7.088000000000001
1782807,2017-08-22 01:06:01,18.587,42.61,Winter,10.9,62.0,966.8,0.0,0.0,N,7.686999999999999
1782923,2017-08-22 03:06:01,17.585,43.815,Winter,9.4,66.0,965.8,0.0,0.0,N,8.185
1782994,2017-08-22 05:06:01,16.582,45.658,Winter,8.8,69.0,964.8,0.0,0.0,N,7.782
1783085,2017-08-22 07:06:01,16.582,46.931,Winter,9.8,66.0,965.2,0.0,0.0,N,6.782
1783178,2017-08-22 09:06:01,20.089,38.849,Winter,20.7,34.0,964.8,0.0,1.3,SW,-0.6110000000000007
1783276,2017-08-22 11:06:01,24.594,30.68,Winter,27.3,24.0,963.9,0.0,2.1,SW,-2.7059999999999995
1783399,2017-08-22 13:06:01,28.093,23.565,Winter,31.3,17.0,960.3,0.0,1.6,SW,-3.2070000000000007
1783477,2017-08-22 15:06:01,29.592,19.56,Winter,32.8,15.0,958.3,0.0,1.8,WSW,-3.2079999999999984
1783593,2017-08-22 17:06:01,29.092,16.698,Winter,31.1,13.0,957.7,0.0,2.0,WSW,-2.0080000000000027
1783665,2017-08-22 19:06:01,25.594,26.725,Winter,22.8,26.0,958.7,0.0,0.0,N,2.7940000000000005
1783779,2017-08-22 21:06:01,25.094,24.621,Winter,19.4,32.0,958.8,0.0,0.0,N,5.694000000000003
1783867,2017-08-22 23:06:01,23.093,26.463,Winter,16.8,38.0,957.7,0.0,0.0,N,6.292999999999999
1783972,2017-08-23 01:06:01,22.092,28.399,Winter,15.3,40.0,958.4,0.0,0.0,N,6.791999999999998
1784068,2017-08-23 03:06:01,20.59,30.274,Winter,13.9,43.0,959.1,0.0,0.0,N,6.6899999999999995
1784154,2017-08-23 05:06:01,20.59,45.976,Winter,17.0,68.0,962.5,0.0,2.6,E,3.59
1784266,2017-08-23 07:06:01,20.59,52.243,Winter,14.8,73.0,964.7,0.0,1.2,E,5.789999999999999
1784364,2017-08-23 09:06:01,22.592,47.417,Winter,18.2,57.0,966.1,0.0,3.7,E,4.3919999999999995
1784452,2017-08-23 11:06:01,24.594,33.355,Winter,21.8,32.0,965.7,0.0,2.6,ENE,2.7940000000000005
1784528,2017-08-23 13:06:01,26.094,25.412,Winter,23.7,24.0,964.4,0.0,1.4,E,2.394000000000002
1784620,2017-08-23 15:06:01,27.094,20.688,Winter,24.7,21.0,962.3,0.0,1.5,ENE,2.394000000000002
1784723,2017-08-23 17:06:01,25.594,19.132,Winter,24.0,21.0,962.3,0.0,1.2,NE,1.5940000000000012
1784820,2017-08-23 19:06:01,23.593,25.148,Winter,16.8,38.0,962.7,0.0,0.0,N,6.792999999999999
1784928,2017-08-23 21:06:01,21.591,31.717,Winter,13.8,51.0,963.8,0.0,0.0,N,7.791
1785018,2017-08-23 23:06:01,20.089,33.574,Winter,11.6,52.0,964.6,0.0,0.0,N,8.488999999999999
1785098,2017-08-24 01:06:01,18.587,33.432,Winter,9.6,56.0,963.7,0.0,0.0,N,8.987
1785221,2017-08-24 03:06:01,17.585,35.335,Winter,8.6,60.0,962.7,0.0,0.0,N,8.985000000000001
1785306,2017-08-24 05:06:01,16.582,37.888,Winter,7.5,67.0,963.3,0.0,0.0,N,9.082
1785393,2017-08-24 07:06:01,17.084,41.194,Winter,8.2,64.0,964.0,0.0,0.0,N,8.884
1785512,2017-08-24 09:06:01,20.59,38.895,Winter,19.0,42.0,964.4,0.0,0.0,N,1.5899999999999999
1785606,2017-08-24 11:06:01,25.094,28.032,Winter,25.6,25.0,962.5,0.0,1.2,WNW,-0.5060000000000002
1785687,2017-08-24 13:06:01,28.093,20.795,Winter,29.6,17.0,960.8,0.0,1.8,SW,-1.5070000000000014
1785773,2017-08-24 15:06:01,30.091,13.967,Winter,32.7,11.0,958.4,0.0,1.5,WSW,-2.6090000000000018
1785876,2017-08-24 17:06:01,27.094,22.076,Winter,30.7,9.0,959.0,0.0,1.3,WSW,-3.605999999999998
1785995,2017-08-24 19:06:01,29.092,20.205,Winter,21.8,20.0,960.3,0.0,0.0,N,7.291999999999998
1786084,2017-08-24 21:06:01,27.593,20.045,Winter,18.1,43.0,961.7,0.0,0.0,N,9.492999999999999
1786166,2017-08-24 23:06:01,25.094,19.079,Winter,15.0,48.0,963.3,0.0,0.0,N,10.094000000000001
1786263,2017-08-25 01:06:01,22.092,19.453,Winter,17.1,56.0,964.9,0.0,3.1,E,4.991999999999997
1786348,2017-08-25 03:06:01,20.089,21.327,Winter,16.3,73.0,966.3,0.0,2.0,ESE,3.788999999999998
1786446,2017-08-25 05:06:01,19.088,22.607,Winter,16.3,71.0,967.3,0.0,1.9,E,2.7880000000000003
1786569,2017-08-25 07:06:01,18.587,29.401,Winter,16.0,70.0,968.2,0.0,1.4,ESE,2.5869999999999997
1786640,2017-08-25 09:06:01,19.589,28.823,Winter,17.1,65.0,968.4,0.0,1.8,E,2.488999999999997
1786735,2017-08-25 11:06:01,23.093,38.479,Winter,19.1,58.0,968.1,0.0,1.5,ESE,3.9929999999999986
1786860,2017-08-25 13:06:01,26.594,29.543,Winter,22.5,47.0,966.3,0.0,1.8,ESE,4.094000000000001
1786929,2017-08-25 15:06:01,31.09,24.577,Winter,24.5,41.0,964.9,0.0,1.9,E,6.59
1787041,2017-08-25 17:06:01,32.587,21.971,Winter,23.5,45.0,965.7,0.0,2.4,E,9.087000000000003
1787140,2017-08-25 19:06:01,29.592,20.955,Winter,19.9,56.0,967.1,0.0,1.6,E,9.692
1787225,2017-08-25 21:06:01,24.594,21.809,Winter,18.5,66.0,970.0,0.0,2.7,E,6.094000000000001
1787339,2017-08-25 23:06:01,19.589,24.041,Winter,17.5,77.0,970.6,0.0,3.0,E,2.0889999999999986
1787426,2017-08-26 01:06:01,15.078,24.261,Winter,17.1,77.0,971.3,0.0,2.9,E,-2.022000000000002
1787528,2017-08-26 03:06:01,11.567,24.629,Winter,17.1,73.0,970.5,0.0,3.5,E,-5.533000000000001
1787628,2017-08-26 05:06:01,9.056,25.608,Winter,16.4,72.0,971.7,0.0,2.3,ESE,-7.343999999999999
1787698,2017-08-26 07:06:01,8.554,25.534,Winter,16.1,74.0,972.9,0.0,2.3,E,-7.546000000000001
1787793,2017-08-26 09:06:01,9.558,27.021,Winter,17.1,70.0,973.2,0.0,2.6,E,-7.542000000000002
1787925,2017-08-26 11:06:01,10.563,27.168,Winter,17.4,73.0,972.8,0.0,3.1,E,-6.836999999999998
1787991,2017-08-26 13:06:01,12.57,28.13,Winter,17.6,70.0,971.2,0.0,2.1,E,-5.030000000000001
1788120,2017-08-26 15:06:01,15.078,29.061,Winter,18.4,65.0,970.3,0.0,2.7,E,-3.321999999999999
1788191,2017-08-26 17:06:01,17.084,30.607,Winter,19.1,62.0,969.7,0.0,1.8,E,-2.016000000000002
1788305,2017-08-26 19:06:01,17.585,29.98,Winter,15.9,76.0,970.3,0.0,0.0,N,1.6850000000000005
1788391,2017-08-26 21:06:01,17.084,29.932,Winter,16.8,74.0,971.2,0.0,0.0,N,0.2839999999999989
1788477,2017-08-26 23:06:01,15.58,29.788,Winter,17.8,67.0,971.2,0.0,0.0,N,-2.2200000000000006
1788577,2017-08-27 01:06:01,14.577,30.421,Winter,17.3,72.0,970.8,0.0,1.3,E,-2.7230000000000008
1788693,2017-08-27 03:06:01,13.072,30.197,Winter,17.0,75.0,970.3,0.0,0.0,N,-3.928000000000001
1788769,2017-08-27 05:06:01,12.068,30.71,Winter,16.7,77.0,970.5,0.0,0.0,N,-4.632
1788898,2017-08-27 07:06:01,11.567,31.296,Winter,16.9,78.0,971.1,0.0,0.0,N,-5.332999999999998
1788975,2017-08-27 09:06:01,11.065,31.223,Winter,17.8,76.0,972.6,0.0,0.0,N,-6.735000000000001
1789065,2017-08-27 11:06:01,12.068,32.684,Winter,20.3,67.0,972.4,0.0,0.0,N,-8.232000000000001
1789187,2017-08-27 13:06:01,14.577,33.712,Winter,22.5,55.0,970.2,0.0,0.0,N,-7.923
1789267,2017-08-27 15:06:01,17.585,34.006,Winter,25.1,45.0,968.1,0.0,1.5,NE,-7.515000000000001
1789361,2017-08-27 17:06:01,20.089,34.903,Winter,24.4,47.0,969.4,0.0,1.4,E,-4.311
1789481,2017-08-27 19:06:01,20.59,33.622,Winter,18.6,67.0,969.6,0.0,0.0,N,1.9899999999999984
1789542,2017-08-27 21:06:01,19.088,34.145,Winter,16.9,72.0,970.5,0.0,0.0,N,2.1880000000000024
1789659,2017-08-27 23:06:01,17.084,33.293,Winter,14.9,79.0,971.7,0.0,0.0,N,2.1839999999999993
1789771,2017-08-28 01:06:01,15.58,33.157,Winter,14.9,78.0,971.8,0.0,0.0,N,0.6799999999999997
1789838,2017-08-28 03:06:01,14.075,32.981,Winter,15.5,78.0,972.3,0.0,0.0,N,-1.4250000000000007
1789954,2017-08-28 05:06:01,13.072,33.486,Winter,17.6,78.0,972.8,0.0,1.6,E,-4.528000000000002
1790052,2017-08-28 07:06:01,12.57,33.412,Winter,16.2,92.0,973.9,0.2,2.0,E,-3.629999999999999
1790125,2017-08-28 09:06:01,12.57,34.065,Winter,16.1,93.0,975.5,1.6,2.2,E,-3.530000000000001
1790251,2017-08-28 11:06:01,14.075,34.289,Winter,16.5,92.0,975.5,0.0,2.0,E,-2.4250000000000007
1790344,2017-08-28 13:06:01,16.081,35.865,Winter,19.8,68.0,973.2,0.0,2.1,E,-3.719000000000001
1790414,2017-08-28 15:06:01,18.587,35.426,Winter,20.4,63.0,972.0,0.0,1.7,E,-1.8129999999999988
1790519,2017-08-28 17:06:01,20.089,36.225,Winter,20.2,62.0,971.7,0.0,0.0,N,-0.11100000000000065
1790628,2017-08-28 19:06:01,20.59,36.272,Winter,16.9,84.0,972.1,0.0,0.0,N,3.6900000000000013
1790709,2017-08-28 21:06:01,19.589,36.178,Winter,15.8,88.0,972.6,0.0,0.0,N,3.788999999999998
1790834,2017-08-28 23:06:01,18.587,35.426,Winter,13.4,93.0,972.4,0.0,0.0,N,5.186999999999999
1790908,2017-08-29 01:06:01,16.582,36.57,Winter,11.9,94.0,972.2,0.0,0.0,N,4.682
1791033,2017-08-29 03:06:01,15.078,37.104,Winter,11.2,95.0,972.0,0.0,0.0,N,3.878
1791124,2017-08-29 05:06:01,13.574,36.164,Winter,11.1,95.0,970.8,0.0,0.0,N,2.474
1791200,2017-08-29 07:06:01,12.068,36.588,Winter,11.5,95.0,971.6,0.0,0.0,N,0.5679999999999996
1791288,2017-08-29 09:06:01,12.068,36.588,Winter,18.2,68.0,971.6,0.0,0.0,N,-6.132
1791414,2017-08-29 11:06:01,13.072,38.024,Winter,21.7,54.0,970.2,0.0,1.2,NNE,-8.628
1791485,2017-08-29 13:06:01,15.58,39.118,Winter,24.9,45.0,967.3,0.0,1.5,NW,-9.319999999999999
1791612,2017-08-29 15:06:01,17.585,39.283,Winter,27.0,38.0,965.3,0.0,1.3,NW,-9.415
1791707,2017-08-29 17:06:01,19.589,40.108,Winter,25.5,39.0,965.1,0.0,1.7,NNE,-5.911000000000001
1791803,2017-08-29 19:06:01,20.089,38.196,Winter,22.4,46.0,965.2,0.0,1.3,NE,-2.311
1791868,2017-08-29 21:06:01,19.088,39.412,Winter,17.0,68.0,966.8,0.0,0.0,N,2.088000000000001
1791970,2017-08-29 23:06:01,18.086,38.672,Winter,15.4,75.0,966.3,0.0,0.0,N,2.685999999999998
1792063,2017-08-30 01:06:01,17.084,38.587,Winter,14.3,79.0,965.8,0.0,0.0,N,2.783999999999999
1792176,2017-08-30 03:06:01,16.582,39.199,Winter,13.3,80.0,964.5,0.0,0.0,N,3.282
1792276,2017-08-30 05:06:01,16.081,38.503,Winter,11.5,86.0,965.1,0.0,0.0,N,4.5809999999999995
1792351,2017-08-30 07:06:01,15.078,38.421,Winter,12.2,82.0,965.7,0.0,0.0,N,2.878
1792456,2017-08-30 09:06:01,15.58,39.772,Winter,22.5,43.0,966.2,0.0,0.0,N,-6.92
1792556,2017-08-30 11:06:01,18.086,39.978,Winter,28.8,28.0,965.0,0.0,1.4,SW,-10.714000000000002
1792636,2017-08-30 13:06:01,20.59,40.197,Winter,31.9,23.0,963.0,0.0,1.3,NNE,-11.309999999999999
1792751,2017-08-30 15:06:01,22.592,39.733,Winter,33.1,21.0,962.5,0.0,1.3,NE,-10.508000000000003
1792855,2017-08-30 17:06:01,24.594,39.279,Winter,31.3,23.0,962.6,0.0,1.6,NE,-6.7059999999999995
1792940,2017-08-30 19:06:01,24.594,38.627,Winter,25.7,33.0,965.4,0.0,1.4,ENE,-1.105999999999998
1793034,2017-08-30 21:06:01,22.092,37.072,Winter,21.7,57.0,969.0,0.0,3.3,E,0.39199999999999946
1793135,2017-08-30 23:06:01,19.088,37.449,Winter,18.9,75.0,970.7,0.0,3.1,E,0.1880000000000024
1793221,2017-08-31 01:06:01,16.582,36.57,Winter,18.7,74.0,970.3,0.0,2.9,E,-2.1179999999999986
1793328,2017-08-31 03:06:01,14.075,36.239,Winter,18.1,75.0,970.7,0.0,2.8,E,-4.025000000000002
1793432,2017-08-31 05:06:01,12.57,36.015,Winter,17.5,76.0,970.6,0.0,2.6,E,-4.93
1793517,2017-08-31 07:06:01,11.567,35.868,Winter,16.8,79.0,971.7,0.0,1.3,E,-5.2330000000000005
1793597,2017-08-31 09:06:01,12.57,36.662,Winter,16.6,85.0,972.4,0.0,0.0,N,-4.030000000000001
1793729,2017-08-31 11:06:01,14.577,37.607,Winter,19.4,67.0,971.6,0.0,0.0,N,-4.822999999999999
1793790,2017-08-31 13:06:01,17.084,37.931,Winter,20.4,62.0,969.9,0.0,1.1,E,-3.315999999999999
1793902,2017-08-31 15:06:01,19.589,38.15,Winter,22.3,55.0,967.6,0.0,1.4,N,-2.711000000000002
1793998,2017-08-31 17:06:01,21.591,37.68,Winter,22.1,56.0,967.2,0.0,0.0,N,-0.5090000000000003
1794091,2017-08-31 19:06:01,22.092,37.728,Winter,17.8,74.0,968.3,0.0,0.0,N,4.291999999999998
1794190,2017-08-31 21:06:01,21.591,38.335,Winter,15.6,81.0,968.3,0.0,0.0,N,5.991000000000001
1794301,2017-08-31 23:06:01,20.59,38.242,Winter,13.8,85.0,967.7,0.0,0.0,N,6.789999999999999
1794377,2017-09-01 01:06:01,20.089,36.883,Winter,12.7,88.0,967.2,0.0,0.0,N,7.388999999999999
1794496,2017-09-01 03:06:01,19.088,37.449,Winter,11.7,90.0,965.6,0.0,0.0,N,7.388000000000002
1794576,2017-09-01 05:06:01,17.585,37.316,Winter,11.2,92.0,965.4,0.0,0.0,N,6.385000000000002
1794665,2017-09-01 07:06:01,16.081,36.527,Winter,11.7,91.0,968.1,0.0,0.0,N,4.381
1794758,2017-09-01 09:06:01,16.081,37.846,Winter,16.6,74.0,968.5,0.0,0.0,N,-0.5190000000000019
1794880,2017-09-01 11:06:01,18.086,38.017,Winter,23.5,54.0,967.3,0.0,0.0,N,-5.4140000000000015
1794947,2017-09-01 13:06:01,20.59,36.93,Winter,27.0,41.0,966.4,0.0,2.2,ENE,-6.41
1795072,2017-09-01 15:06:01,21.591,36.367,Winter,27.9,37.0,965.1,0.0,2.6,E,-6.3089999999999975
1795169,2017-09-01 17:06:01,22.592,36.463,Winter,25.1,47.0,966.3,0.0,3.4,E,-2.5080000000000027
1795244,2017-09-01 19:06:01,22.592,35.804,Winter,19.0,65.0,970.2,0.0,4.4,E,3.5919999999999987
1795349,2017-09-01 21:06:01,20.59,34.95,Winter,18.5,56.0,972.0,0.0,3.8,E,2.09
1795426,2017-09-01 23:06:01,18.086,34.717,Winter,18.1,57.0,972.9,0.0,3.5,E,-0.014000000000002899
1795522,2017-09-02 01:06:01,16.081,33.87,Winter,17.7,53.0,972.7,0.0,3.8,E,-1.6189999999999998
1795639,2017-09-02 03:06:01,14.075,34.289,Winter,16.4,54.0,971.8,0.0,2.4,E,-2.3249999999999993
1795740,2017-09-02 05:06:01,12.57,34.065,Winter,15.2,63.0,972.8,0.0,0.0,N,-2.629999999999999
1795818,2017-09-02 07:06:01,11.065,33.845,Winter,15.4,59.0,974.1,0.0,0.0,N,-4.335000000000001
1795919,2017-09-02 09:06:01,11.567,34.569,Winter,19.4,46.0,975.1,0.0,3.6,E,-7.832999999999998
1795999,2017-09-02 11:06:01,14.075,34.289,Winter,22.0,40.0,974.1,0.0,3.5,E,-7.925000000000001
1796107,2017-09-02 13:06:01,16.582,35.246,Winter,23.9,35.0,971.6,0.0,3.1,E,-7.317999999999998
1796224,2017-09-02 15:06:01,19.088,36.132,Winter,24.0,37.0,970.4,0.0,3.2,E,-4.911999999999999
1796290,2017-09-02 17:06:01,20.59,35.612,Winter,22.7,39.0,970.0,0.0,2.8,E,-2.1099999999999994
1796399,2017-09-02 19:06:01,21.091,34.998,Winter,18.6,53.0,971.5,0.0,1.4,E,2.4909999999999997
1796494,2017-09-02 21:06:01,19.589,34.856,Winter,15.0,66.0,972.1,0.0,0.0,N,4.588999999999999
1796578,2017-09-02 23:06:01,17.084,33.96,Winter,15.1,64.0,973.0,0.0,0.0,N,1.984
1796680,2017-09-03 01:06:01,14.577,34.365,Winter,12.5,76.0,972.6,0.0,0.0,N,2.077
1796766,2017-09-03 03:06:01,12.57,33.412,Winter,11.5,81.0,972.8,0.0,0.0,N,1.0700000000000003
1796860,2017-09-03 05:06:01,11.065,33.192,Winter,12.3,83.0,972.4,0.0,0.0,N,-1.2350000000000012
1796972,2017-09-03 07:06:01,9.558,32.974,Winter,14.4,78.0,974.4,0.0,0.0,N,-4.8420000000000005
1797049,2017-09-03 09:06:01,10.06,34.351,Winter,16.4,69.0,975.5,0.0,0.0,N,-6.339999999999998
1797151,2017-09-03 11:06:01,14.075,34.941,Winter,17.7,63.0,975.0,0.0,0.0,N,-3.625
1797257,2017-09-03 13:06:01,17.585,35.997,Winter,21.8,46.0,973.0,0.0,1.4,ENE,-4.215
1797349,2017-09-03 15:06:01,20.089,36.225,Winter,23.8,36.0,970.8,0.0,2.2,E,-3.711000000000002
1797459,2017-09-03 17:06:01,22.592,35.144,Winter,23.5,35.0,970.9,0.0,2.0,E,-0.9080000000000013
1797532,2017-09-03 19:06:01,23.593,34.582,Winter,18.4,47.0,972.2,0.0,1.2,E,5.193000000000001
1797621,2017-09-03 21:06:01,21.591,33.72,Winter,14.9,57.0,973.7,0.0,0.0,N,6.691000000000001
1797731,2017-09-03 23:06:01,19.589,34.856,Winter,14.1,61.0,974.6,0.0,1.6,E,5.488999999999999
1797832,2017-09-04 01:06:01,17.585,34.671,Winter,13.3,74.0,975.1,0.0,1.5,E,4.285
1797917,2017-09-04 03:06:01,16.081,33.87,Winter,12.0,83.0,975.1,0.0,1.2,ESE,4.0809999999999995
1798027,2017-09-04 05:06:01,14.577,33.712,Winter,11.2,87.0,975.2,0.0,0.0,N,3.3770000000000007
1798114,2017-09-04 07:06:01,13.072,33.486,Winter,11.4,87.0,976.9,0.0,0.0,N,1.6719999999999988
1798224,2017-09-04 09:06:01,14.577,35.016,Winter,17.2,61.0,977.1,0.0,1.9,E,-2.6229999999999993
1798285,2017-09-04 11:06:01,19.088,35.471,Winter,20.3,47.0,975.9,0.0,2.1,E,-1.2119999999999997
1798384,2017-09-04 13:06:01,25.594,34.786,Winter,22.8,38.0,974.0,0.0,1.8,E,2.7940000000000005
1798488,2017-09-04 15:06:01,31.589,33.444,Winter,24.3,29.0,972.2,0.0,1.9,E,7.288999999999998
1798597,2017-09-04 17:06:01,24.594,29.333,Winter,23.6,30.0,971.5,0.0,1.3,ENE,0.9939999999999998
1798678,2017-09-04 19:06:01,22.592,29.127,Winter,16.8,49.0,972.3,0.0,0.0,N,5.791999999999998
1798784,2017-09-04 21:06:01,21.591,28.348,Winter,13.3,63.0,973.3,0.0,0.0,N,8.291
1798882,2017-09-04 23:06:01,21.091,27.618,Winter,11.2,67.0,973.2,0.0,0.0,N,9.891000000000002
1798958,2017-09-05 01:06:01,20.59,27.567,Winter,11.0,65.0,972.6,0.0,0.0,N,9.59
1799073,2017-09-05 03:06:01,20.089,28.196,Winter,9.8,70.0,971.7,0.0,0.0,N,10.288999999999998
1799144,2017-09-05 05:06:01,19.589,28.823,Winter,7.8,77.0,971.8,0.0,0.0,N,11.788999999999998
1799249,2017-09-05 07:06:01,19.589,29.5,Winter,8.9,71.0,972.6,0.0,0.0,N,10.688999999999998
1799341,2017-09-05 09:06:01,19.589,29.5,Winter,19.9,41.0,972.9,0.0,0.0,N,-0.31099999999999994
1799457,2017-09-05 11:06:01,20.089,29.55,Winter,24.1,34.0,971.4,0.0,1.2,N,-4.011000000000003
1799524,2017-09-05 13:06:01,20.59,28.924,Winter,27.0,28.0,968.7,0.0,1.6,NNE,-6.41
1799616,2017-09-05 15:06:01,20.59,28.924,Winter,28.3,24.0,966.2,0.0,1.8,NE,-7.710000000000001
1799709,2017-09-05 17:06:01,20.59,28.246,Winter,27.0,25.0,967.0,0.0,1.3,NE,-6.41
1799823,2017-09-05 19:06:01,20.59,28.246,Winter,20.4,42.0,967.4,0.0,0.0,N,0.19000000000000128
1799904,2017-09-05 21:06:01,20.59,27.567,Winter,17.6,52.0,968.0,0.0,0.0,N,2.9899999999999984
1800018,2017-09-05 23:06:01,20.089,28.196,Winter,18.2,47.0,968.7,0.0,0.0,N,1.8889999999999993
1800117,2017-09-06 01:06:01,20.089,27.516,Winter,15.7,58.0,968.5,0.0,0.0,N,4.388999999999999
1800218,2017-09-06 03:06:01,20.089,26.835,Winter,13.3,60.0,967.4,0.0,0.0,N,6.788999999999998
1800302,2017-09-06 05:06:01,20.089,28.874,Winter,10.4,75.0,967.1,0.0,0.0,N,9.688999999999998
1800379,2017-09-06 07:06:01,19.589,27.465,Winter,12.8,66.0,968.2,0.0,0.0,N,6.788999999999998
1800479,2017-09-06 09:06:01,20.089,27.516,Winter,22.6,38.0,968.4,0.0,0.0,N,-2.511000000000003
1800565,2017-09-06 11:06:01,20.59,28.246,Winter,27.9,25.0,968.1,0.0,1.3,WSW,-7.309999999999999
1800688,2017-09-06 13:06:01,21.091,28.297,Winter,31.7,17.0,965.2,0.0,1.1,WSW,-10.608999999999998
1800752,2017-09-06 15:06:01,21.091,27.618,Winter,32.1,14.0,963.7,0.0,1.3,ENE,-11.009
1800873,2017-09-06 17:06:01,21.591,29.025,Winter,29.8,18.0,963.6,0.0,0.0,N,-8.209
1800970,2017-09-06 19:06:01,21.591,28.348,Winter,21.8,32.0,964.3,0.0,0.0,N,-0.20899999999999963
1801043,2017-09-06 21:06:01,21.591,28.348,Winter,25.0,30.0,965.8,0.0,1.2,NE,-3.408999999999999
1801160,2017-09-06 23:06:01,21.091,28.974,Winter,18.4,48.0,966.8,0.0,0.0,N,2.6910000000000025
1801252,2017-09-07 01:06:01,21.091,28.297,Winter,15.8,58.0,966.7,0.0,0.0,N,5.291
1801358,2017-09-07 03:06:01,21.091,28.974,Winter,13.1,62.0,966.7,0.0,0.0,N,7.991000000000001
1801444,2017-09-07 05:06:01,21.091,28.297,Winter,11.8,66.0,967.0,0.0,0.0,N,9.291
1801530,2017-09-07 07:06:01,20.59,28.924,Winter,13.6,59.0,968.2,0.0,0.0,N,6.99
1801631,2017-09-07 09:06:01,21.091,28.297,Winter,24.2,36.0,968.7,0.0,0.0,N,-3.108999999999998
1801711,2017-09-07 11:06:01,21.591,27.669,Winter,29.3,28.0,966.8,0.0,1.1,NNE,-7.709
1801831,2017-09-07 13:06:01,22.092,27.72,Winter,31.8,22.0,964.9,0.0,1.4,NNE,-9.708000000000002
1801895,2017-09-07 15:06:01,22.092,27.72,Winter,32.6,17.0,963.6,0.0,1.4,N,-10.508000000000003
1802001,2017-09-07 17:06:01,22.592,27.772,Winter,31.4,18.0,963.0,0.0,1.1,NNE,-8.808
1802120,2017-09-07 19:06:01,22.592,27.772,Winter,22.7,31.0,964.4,0.0,0.0,N,-0.10800000000000054
1802186,2017-09-07 21:06:01,22.592,27.772,Winter,20.0,44.0,964.8,0.0,0.0,N,2.5919999999999987
1802289,2017-09-07 23:06:01,22.592,29.127,Winter,19.1,42.0,965.7,0.0,0.0,N,3.4919999999999973
1802376,2017-09-08 01:06:01,22.092,27.72,Winter,16.6,48.0,965.7,0.0,0.0,N,5.491999999999997
1802492,2017-09-08 03:06:01,22.092,28.399,Winter,14.2,55.0,965.6,0.0,0.0,N,7.8919999999999995
1802580,2017-09-08 05:06:01,22.092,28.399,Winter,13.4,56.0,965.1,0.0,0.0,N,8.691999999999998
1802673,2017-09-08 07:06:01,22.092,28.399,Winter,13.6,58.0,967.0,0.0,0.0,N,8.491999999999999
1802763,2017-09-08 09:06:01,22.092,28.399,Winter,24.8,31.0,967.8,0.0,0.0,N,-2.708000000000002
1802869,2017-09-08 11:06:01,23.093,27.824,Winter,30.3,26.0,966.6,0.0,1.7,NNE,-7.207000000000001
1802946,2017-09-08 13:06:01,23.593,28.553,Winter,33.0,20.0,964.8,0.0,1.8,NE,-9.407
1803046,2017-09-08 15:06:01,24.093,27.248,Winter,33.7,15.0,963.9,0.0,2.3,ENE,-9.607000000000003
1803134,2017-09-08 17:06:01,24.093,27.928,Winter,31.9,20.0,963.8,0.0,2.1,ENE,-7.806999999999999
1803232,2017-09-08 19:06:01,24.093,27.928,Winter,26.0,29.0,965.2,0.0,1.2,ENE,-1.907
1803338,2017-09-08 21:06:01,23.593,28.553,Winter,27.1,26.0,966.6,0.0,1.4,ENE,-3.5070000000000014
1803428,2017-09-08 23:06:01,23.593,28.553,Winter,19.6,44.0,967.3,0.0,0.0,N,3.9929999999999986
1803535,2017-09-09 01:06:01,23.593,27.876,Winter,16.6,51.0,966.4,0.0,0.0,N,6.9929999999999986
1803612,2017-09-09 03:06:01,23.093,27.824,Winter,14.2,60.0,966.3,0.0,0.0,N,8.893
1803710,2017-09-09 05:06:01,23.093,27.824,Winter,13.0,62.0,966.4,0.0,0.0,N,10.093
1803801,2017-09-09 07:06:01,23.093,27.824,Winter,14.0,60.0,968.0,0.0,0.0,N,9.093
1803905,2017-09-09 09:06:01,23.093,27.144,Winter,24.9,34.0,969.3,0.0,0.0,N,-1.8069999999999986
1803981,2017-09-09 11:06:01,23.593,27.876,Winter,29.1,27.0,968.5,0.0,1.3,NNE,-5.5070000000000014
1804094,2017-09-09 13:06:01,24.093,27.248,Winter,31.5,24.0,966.2,0.0,2.0,ENE,-7.407
1804200,2017-09-09 15:06:01,24.093,27.248,Winter,32.5,21.0,965.1,0.0,2.2,ENE,-8.407
1804290,2017-09-09 17:06:01,24.093,26.567,Winter,30.8,21.0,964.9,0.0,2.1,ENE,-6.707000000000001
1804369,2017-09-09 19:06:01,24.093,27.248,Winter,25.1,33.0,965.5,0.0,0.0,N,-1.0070000000000014
1804469,2017-09-09 21:06:01,24.093,25.885,Winter,26.4,30.0,967.6,0.0,1.2,NE,-2.3069999999999986
1804582,2017-09-09 23:06:01,24.093,25.885,Winter,20.6,43.0,967.8,0.0,0.0,N,3.4929999999999986
1804682,2017-09-10 01:06:01,24.093,25.885,Winter,16.2,58.0,967.3,0.0,0.0,N,7.893000000000001
1804768,2017-09-10 03:06:01,23.593,27.196,Winter,14.7,61.0,967.3,0.0,0.0,N,8.893
1804866,2017-09-10 05:06:01,23.593,26.515,Winter,14.5,66.0,968.0,0.0,0.0,N,9.093
1804938,2017-09-10 07:06:01,23.593,27.196,Winter,16.4,64.0,969.3,0.0,1.3,SSE,7.193000000000001
1805034,2017-09-10 09:06:01,23.593,27.876,Winter,21.7,42.0,970.5,0.0,1.6,ENE,1.8930000000000007
1805147,2017-09-10 11:06:01,24.093,27.928,Winter,26.2,32.0,969.1,0.0,1.6,ENE,-2.1069999999999993
1805250,2017-09-10 13:06:01,24.093,27.248,Winter,29.8,26.0,966.6,0.0,1.2,ENE,-5.707000000000001
1805325,2017-09-10 15:06:01,24.594,27.301,Winter,30.8,23.0,965.0,0.0,1.1,NE,-6.2059999999999995
1805433,2017-09-10 17:06:01,24.594,27.301,Winter,30.4,21.0,964.3,0.0,1.4,ENE,-5.805999999999997
1805528,2017-09-10 19:06:01,24.594,27.98,Winter,22.1,38.0,965.2,0.0,0.0,N,2.4939999999999998
1805616,2017-09-10 21:06:01,24.594,27.301,Winter,18.7,49.0,966.4,0.0,0.0,N,5.894000000000002
1805708,2017-09-10 23:06:01,24.594,27.301,Winter,16.9,50.0,966.1,0.0,0.0,N,7.694000000000003
1805786,2017-09-11 01:06:01,24.093,27.248,Winter,14.9,53.0,966.1,0.0,0.0,N,9.193
1805902,2017-09-11 03:06:01,24.093,27.928,Winter,14.3,57.0,965.7,0.0,0.0,N,9.793
1806002,2017-09-11 05:06:01,24.093,27.928,Winter,12.6,62.0,966.1,0.0,0.0,N,11.493
1806075,2017-09-11 07:06:01,23.593,27.196,Winter,13.7,57.0,966.2,0.0,0.0,N,9.893
1806173,2017-09-11 09:06:01,24.093,27.928,Winter,25.8,30.0,967.2,0.0,0.0,N,-1.7070000000000007
1806298,2017-09-11 11:06:01,24.594,26.62,Winter,31.1,22.0,966.3,0.0,0.0,N,-6.506
1806384,2017-09-11 13:06:01,25.094,26.672,Winter,34.0,16.0,964.3,0.0,1.5,NNE,-8.905999999999999
1806478,2017-09-11 15:06:01,26.594,24.78,Winter,34.5,13.0,963.4,0.0,2.1,NE,-7.905999999999999
1806561,2017-09-11 17:06:01,25.594,26.043,Winter,33.0,14.0,963.7,0.0,1.4,NE,-7.405999999999999
1806672,2017-09-11 19:06:01,25.094,27.353,Winter,24.2,24.0,963.7,0.0,0.0,N,0.8940000000000019
1806764,2017-09-11 21:06:01,25.094,27.353,Winter,24.4,23.0,964.8,0.0,1.5,NNE,0.6940000000000026
1806848,2017-09-11 23:06:01,25.094,26.672,Winter,18.5,37.0,965.6,0.0,0.0,N,6.594000000000001
1806942,2017-09-12 01:06:01,25.094,25.99,Winter,15.2,44.0,964.8,0.0,0.0,N,9.894000000000002
1807035,2017-09-12 03:06:01,25.094,25.306,Winter,12.8,50.0,964.8,0.0,0.0,N,12.294
1807119,2017-09-12 05:06:01,25.094,25.99,Winter,11.9,54.0,966.3,0.0,0.0,N,13.194
1807240,2017-09-12 07:06:01,25.094,25.99,Winter,13.5,50.0,967.5,0.0,0.0,N,11.594000000000001
1807338,2017-09-12 09:06:01,25.094,25.99,Winter,25.1,36.0,968.1,0.0,0.0,N,-0.006000000000000227
1807406,2017-09-12 11:06:01,25.594,24.674,Winter,30.2,27.0,968.1,0.0,1.2,N,-4.605999999999998
