,Temperature
Sheet,1010060340
Datetime,
2016-09-06 01:39:39,35.9
2016-09-06 02:39:39,32.8
2016-09-06 03:39:39,32.9
2016-09-06 04:39:39,32.7
2016-09-06 05:39:39,31.9
2016-09-06 06:39:39,30.8
2016-09-06 07:39:39,30.1
2016-09-06 08:39:39,29.6
2016-09-06 09:39:39,29.1
2016-09-06 10:39:39,28.4
2016-09-06 11:39:39,27.9
2016-09-07 01:39:39,27.2
2016-09-07 02:39:39,26.7
2016-09-07 03:39:39,26.3
2016-09-07 04:39:39,25.9
2016-09-07 05:39:39,25.4
2016-09-07 06:39:39,25.1
2016-09-07 07:39:39,25.8
2016-09-07 08:39:39,26.7
2016-09-07 09:39:39,27.9
2016-09-07 10:39:39,29.1
2016-09-07 11:39:39,29.7
2016-09-07 12:39:39,27.5
2016-09-08 01:39:39,27.1
2016-09-08 02:39:39,26.4
2016-09-08 03:39:39,25.9
2016-09-08 04:39:39,25.4
2016-09-08 05:39:39,25.0
2016-09-08 06:39:39,24.7
2016-09-08 07:39:39,25.9
2016-09-08 08:39:39,26.9
2016-09-08 09:39:39,28.1
2016-09-08 10:39:39,29.0
2016-09-08 11:39:39,30.0
2016-09-08 12:39:39,27.4
2016-09-09 01:39:39,27.4
2016-09-09 02:39:39,27.1
2016-09-09 03:39:39,26.8
2016-09-09 04:39:39,26.4
2016-09-09 05:39:39,26.0
2016-09-09 06:39:39,25.6
2016-09-09 07:39:39,26.7
2016-09-09 08:39:39,27.8
2016-09-09 09:39:39,29.1
2016-09-09 10:39:39,30.2
2016-09-09 11:39:39,31.2
2016-09-09 12:39:39,27.7
2016-09-10 01:39:39,27.5
2016-09-10 02:39:39,27.0
2016-09-10 03:39:39,26.5
2016-09-10 04:39:39,25.7
2016-09-10 05:39:39,25.3
2016-09-10 06:39:39,24.9
2016-09-10 07:39:39,24.8
2016-09-10 08:39:39,24.3
2016-09-10 09:39:39,24.9
2016-09-10 10:39:39,25.3
2016-09-10 11:39:39,25.7
2016-09-10 12:39:39,28.2
2016-09-11 01:39:39,23.3
2016-09-11 02:39:39,23.1
2016-09-11 03:39:39,23.1
2016-09-11 04:39:39,23.3
2016-09-11 05:39:39,22.6
2016-09-11 06:39:39,22.8
2016-09-11 07:39:39,21.6
2016-09-11 08:39:39,22.9
2016-09-11 09:39:39,23.6
2016-09-11 10:39:39,23.9
2016-09-11 11:39:39,25.2
2016-09-11 12:39:39,23.9
2016-09-12 01:39:39,24.3
2016-09-12 02:39:39,24.1
2016-09-12 03:39:39,23.8
2016-09-12 04:39:39,23.7
2016-09-12 05:39:39,23.4
2016-09-12 06:39:39,23.6
2016-09-12 07:39:39,23.4
2016-09-12 08:39:39,24.1
2016-09-12 09:39:39,24.2
2016-09-12 10:39:39,25.7
2016-09-12 11:39:39,26.7
2016-09-12 12:39:39,24.6
2016-09-13 01:39:39,25.0
2016-09-13 02:39:39,24.6
2016-09-13 03:39:39,24.1
2016-09-13 04:39:39,23.8
2016-09-13 05:39:39,23.4
2016-09-13 06:39:39,23.8
2016-09-13 07:39:39,25.5
2016-09-13 08:39:39,26.6
2016-09-13 09:39:39,28.2
2016-09-13 10:39:39,29.1
2016-09-13 11:39:39,30.2
2016-09-13 12:39:39,25.8
2016-09-14 01:39:39,23.8
2016-09-14 02:39:39,23.4
2016-09-14 03:39:39,23.2
2016-09-14 04:39:39,23.0
2016-09-14 05:39:39,22.7
2016-09-14 06:39:39,22.5
2016-09-14 07:39:39,22.6
2016-09-14 08:39:39,22.6
2016-09-14 09:39:39,23.8
2016-09-14 10:39:39,24.6
2016-09-14 11:39:39,24.9
2016-09-14 12:39:39,24.1
2016-09-15 01:39:39,24.2
2016-09-15 02:39:39,24.3
2016-09-15 03:39:39,24.4
2016-09-15 04:39:39,23.9
2016-09-15 05:39:39,23.7
2016-09-15 06:39:39,23.9
2016-09-15 07:39:39,23.9
2016-09-15 08:39:39,23.6
2016-09-15 09:39:39,24.6
2016-09-15 10:39:39,26.2
2016-09-15 11:39:39,27.2
2016-09-15 12:39:39,24.6
2016-09-16 01:39:39,26.5
2016-09-16 02:39:39,25.6
2016-09-16 03:39:39,25.0
2016-09-16 04:39:39,24.6
2016-09-16 05:39:39,24.2
2016-09-16 06:39:39,23.9
2016-09-16 07:39:39,25.3
2016-09-16 08:39:39,26.8
2016-09-16 09:39:39,28.3
2016-09-16 10:39:39,29.3
2016-09-16 11:39:39,30.9
2016-09-16 12:39:39,27.1
2016-09-17 01:39:39,28.5
2016-09-17 02:39:39,27.9
2016-09-17 03:39:39,27.5
2016-09-17 04:39:39,27.2
2016-09-17 05:39:39,26.8
2016-09-17 06:39:39,27.0
2016-09-17 07:39:39,27.9
2016-09-17 08:39:39,27.9
2016-09-17 09:39:39,28.4
2016-09-17 10:39:39,29.4
2016-09-17 11:39:39,29.9
2016-09-17 12:39:39,29.2
2016-09-18 01:39:39,24.0
2016-09-18 02:39:39,23.4
2016-09-18 03:39:39,23.4
2016-09-18 04:39:39,23.3
2016-09-18 05:39:39,22.5
2016-09-18 06:39:39,22.2
2016-09-18 07:39:39,22.4
2016-09-18 08:39:39,21.9
2016-09-18 09:39:39,21.8
2016-09-18 10:39:39,21.6
2016-09-18 11:39:39,21.6
2016-09-18 12:39:39,25.2
2016-09-19 01:39:39,19.7
2016-09-19 02:39:39,19.9
2016-09-19 03:39:39,19.8
2016-09-19 04:39:39,19.7
2016-09-19 05:39:39,20.0
2016-09-19 06:39:39,20.1
2016-09-19 07:39:39,19.8
2016-09-19 08:39:39,20.0
2016-09-19 09:39:39,20.5
2016-09-19 10:39:39,20.5
2016-09-19 11:39:39,20.7
2016-09-19 12:39:39,20.3
2016-09-20 01:39:39,21.2
2016-09-20 02:39:39,20.9
2016-09-20 03:39:39,20.7
2016-09-20 04:39:39,20.8
2016-09-20 05:39:39,20.7
2016-09-20 06:39:39,20.7
2016-09-20 07:39:39,22.1
2016-09-20 08:39:39,23.6
2016-09-20 09:39:39,23.8
2016-09-20 10:39:39,24.8
2016-09-20 11:39:39,25.5
2016-09-20 12:39:39,21.4
2016-09-21 01:39:39,22.8
2016-09-21 02:39:39,22.4
2016-09-21 03:39:39,22.1
2016-09-21 04:39:39,21.9
2016-09-21 05:39:39,21.6
2016-09-21 06:39:39,22.0
2016-09-21 07:39:39,24.2
2016-09-21 08:39:39,25.4
2016-09-21 09:39:39,26.1
2016-09-21 10:39:39,27.7
2016-09-21 11:39:39,28.3
2016-09-21 12:39:39,23.3
2016-09-22 01:39:39,26.3
2016-09-22 02:39:39,25.2
2016-09-22 03:39:39,24.7
2016-09-22 04:39:39,24.5
2016-09-22 05:39:39,23.4
2016-09-22 06:39:39,24.7
2016-09-22 07:39:39,26.4
2016-09-22 08:39:39,27.8
2016-09-22 09:39:39,29.4
2016-09-22 10:39:39,30.7
2016-09-22 11:39:39,31.3
2016-09-22 12:39:39,26.2
2016-09-23 01:39:39,28.3
2016-09-23 02:39:39,27.9
2016-09-23 03:39:39,27.5
2016-09-23 04:39:39,26.4
2016-09-23 05:39:39,25.8
2016-09-23 06:39:39,25.7
2016-09-23 07:39:39,25.2
2016-09-23 08:39:39,23.9
2016-09-23 09:39:39,24.3
2016-09-23 10:39:39,25.2
2016-09-23 11:39:39,26.4
2016-09-23 12:39:39,28.7
2016-09-24 01:39:39,24.2
2016-09-24 02:39:39,23.9
2016-09-24 03:39:39,24.2
2016-09-24 04:39:39,24.1
2016-09-24 05:39:39,23.9
2016-09-24 06:39:39,23.7
2016-09-24 07:39:39,24.4
2016-09-24 08:39:39,23.9
2016-09-24 09:39:39,24.2
2016-09-24 10:39:39,25.7
2016-09-24 11:39:39,26.4
2016-09-24 12:39:39,24.6
2016-09-25 01:39:39,24.9
2016-09-25 02:39:39,24.8
2016-09-25 03:39:39,24.5
2016-09-25 04:39:39,24.1
2016-09-25 05:39:39,24.2
2016-09-25 06:39:39,24.2
2016-09-25 07:39:39,24.4
2016-09-25 08:39:39,24.3
2016-09-25 09:39:39,24.6
2016-09-25 10:39:39,24.7
2016-09-25 11:39:39,25.6
2016-09-25 12:39:39,25.8
2016-09-26 01:39:39,23.4
2016-09-26 02:39:39,23.1
2016-09-26 03:39:39,23.1
2016-09-26 04:39:39,22.9
2016-09-26 05:39:39,22.4
2016-09-26 06:39:39,22.3
2016-09-26 07:39:39,22.4
2016-09-26 08:39:39,22.7
2016-09-26 09:39:39,22.7
2016-09-26 10:39:39,23.6
2016-09-26 11:39:39,24.4
2016-09-26 12:39:39,23.6
2016-09-27 01:39:39,23.3
2016-09-27 02:39:39,23.1
2016-09-27 03:39:39,22.8
2016-09-27 04:39:39,22.8
2016-09-27 05:39:39,22.3
2016-09-27 06:39:39,22.8
2016-09-27 07:39:39,24.4
2016-09-27 08:39:39,26.2
2016-09-27 09:39:39,26.8
2016-09-27 10:39:39,28.2
2016-09-27 11:39:39,29.1
2016-09-27 12:39:39,23.6
2016-09-28 01:39:39,27.0
2016-09-28 02:39:39,26.7
2016-09-28 03:39:39,26.5
2016-09-28 04:39:39,26.6
2016-09-28 05:39:39,26.3
2016-09-28 06:39:39,26.1
2016-09-28 07:39:39,27.5
2016-09-28 08:39:39,29.0
2016-09-28 09:39:39,30.3
2016-09-28 10:39:39,31.0
2016-09-28 11:39:39,31.8
2016-09-28 12:39:39,27.3
2016-09-29 01:39:39,25.9
2016-09-29 02:39:39,25.4
2016-09-29 03:39:39,24.8
2016-09-29 04:39:39,24.8
2016-09-29 05:39:39,24.3
2016-09-29 06:39:39,24.2
2016-09-29 07:39:39,23.9
2016-09-29 08:39:39,23.8
2016-09-29 09:39:39,23.7
2016-09-29 10:39:39,23.5
2016-09-29 11:39:39,24.1
2016-09-29 12:39:39,26.3
2016-09-30 01:39:39,22.9
2016-09-30 02:39:39,23.2
2016-09-30 03:39:39,23.2
2016-09-30 04:39:39,23.2
2016-09-30 05:39:39,23.2
2016-09-30 06:39:39,23.0
2016-09-30 07:39:39,23.1
2016-09-30 08:39:39,23.4
2016-09-30 09:39:39,23.8
2016-09-30 10:39:39,24.7
2016-09-30 11:39:39,26.3
2016-09-30 12:39:39,23.2
2016-10-01 01:39:39,25.6
2016-10-01 02:39:39,25.1
2016-10-01 03:39:39,24.7
2016-10-01 04:39:39,24.5
2016-10-01 05:39:39,24.1
2016-10-01 06:39:39,24.3
2016-10-01 07:39:39,25.1
2016-10-01 08:39:39,25.3
2016-10-01 09:39:39,25.8
2016-10-01 10:39:39,25.4
2016-10-01 11:39:39,24.8
2016-10-01 12:39:39,25.7
2016-10-02 01:39:39,24.5
2016-10-02 02:39:39,24.2
2016-10-02 03:39:39,24.0
2016-10-02 04:39:39,23.9
2016-10-02 05:39:39,23.7
2016-10-02 06:39:39,23.5
2016-10-02 07:39:39,23.8
2016-10-02 08:39:39,24.5
2016-10-02 09:39:39,24.4
2016-10-02 10:39:39,24.8
2016-10-02 11:39:39,24.8
2016-10-02 12:39:39,24.8
2016-10-03 01:39:39,20.8
2016-10-03 02:39:39,20.6
2016-10-03 03:39:39,20.3
2016-10-03 04:39:39,20.1
2016-10-03 05:39:39,20.0
2016-10-03 06:39:39,20.2
2016-10-03 07:39:39,20.4
2016-10-03 08:39:39,21.0
2016-10-03 09:39:39,22.5
2016-10-03 10:39:39,23.2
2016-10-03 11:39:39,23.8
2016-10-03 12:39:39,21.1
2016-10-04 01:39:39,20.0
2016-10-04 02:39:39,19.7
2016-10-04 03:39:39,19.4
2016-10-04 04:39:39,20.0
2016-10-04 05:39:39,19.9
2016-10-04 06:39:39,19.4
2016-10-04 07:39:39,21.0
2016-10-04 08:39:39,21.7
2016-10-04 09:39:39,22.4
2016-10-04 10:39:39,23.4
2016-10-04 11:39:39,23.9
2016-10-04 12:39:39,20.4
2016-10-05 01:39:39,21.2
2016-10-05 02:39:39,20.3
2016-10-05 03:39:39,19.4
2016-10-05 04:39:39,20.1
2016-10-05 05:39:39,19.9
2016-10-05 06:39:39,21.1
2016-10-05 07:39:39,22.6
2016-10-05 08:39:39,21.9
2016-10-05 09:39:39,22.8
2016-10-05 10:39:39,23.9
2016-10-05 11:39:39,23.9
2016-10-05 12:39:39,20.9
2016-10-06 01:39:39,22.7
2016-10-06 02:39:39,22.3
2016-10-06 03:39:39,21.5
2016-10-06 04:39:39,21.8
2016-10-06 05:39:39,21.4
2016-10-06 06:39:39,22.5
2016-10-06 07:39:39,24.4
2016-10-06 08:39:39,25.1
2016-10-06 09:39:39,26.0
2016-10-06 10:39:39,26.8
2016-10-06 11:39:39,27.8
2016-10-06 12:39:39,23.3
2016-10-07 01:39:39,26.4
2016-10-07 02:39:39,25.8
2016-10-07 03:39:39,25.4
2016-10-07 04:39:39,25.1
2016-10-07 05:39:39,24.7
2016-10-07 06:39:39,25.7
2016-10-07 07:39:39,28.2
2016-10-07 08:39:39,31.2
2016-10-07 09:39:39,32.9
2016-10-07 10:39:39,33.0
2016-10-07 11:39:39,33.2
2016-10-07 12:39:39,27.1
2016-10-08 01:39:39,25.2
2016-10-08 02:39:39,24.6
2016-10-08 03:39:39,24.3
2016-10-08 04:39:39,24.7
2016-10-08 05:39:39,24.2
2016-10-08 06:39:39,23.7
2016-10-08 07:39:39,23.9
2016-10-08 08:39:39,22.6
2016-10-08 09:39:39,24.2
2016-10-08 10:39:39,25.2
2016-10-08 11:39:39,25.8
2016-10-08 12:39:39,25.4
2016-10-09 01:39:39,26.2
2016-10-09 02:39:39,25.8
2016-10-09 03:39:39,25.7
2016-10-09 04:39:39,25.4
2016-10-09 05:39:39,25.2
2016-10-09 06:39:39,25.3
2016-10-09 07:39:39,25.6
2016-10-09 08:39:39,27.1
2016-10-09 09:39:39,28.5
2016-10-09 10:39:39,29.3
2016-10-09 11:39:39,28.9
2016-10-09 12:39:39,26.4
2016-10-10 01:39:39,24.1
2016-10-10 02:39:39,23.6
2016-10-10 03:39:39,23.6
2016-10-10 04:39:39,23.1
2016-10-10 05:39:39,22.6
2016-10-10 06:39:39,22.7
2016-10-10 07:39:39,22.2
2016-10-10 08:39:39,22.7
2016-10-10 09:39:39,23.0
2016-10-10 10:39:39,24.0
2016-10-10 11:39:39,25.4
2016-10-10 12:39:39,24.6
2016-10-11 01:39:39,24.4
2016-10-11 02:39:39,24.1
2016-10-11 03:39:39,23.8
2016-10-11 04:39:39,23.4
2016-10-11 05:39:39,23.4
2016-10-11 06:39:39,24.2
2016-10-11 07:39:39,26.4
2016-10-11 08:39:39,27.4
2016-10-11 09:39:39,28.4
2016-10-11 10:39:39,28.8
2016-10-11 11:39:39,29.8
2016-10-11 12:39:39,24.8
2016-10-12 01:39:39,28.7
2016-10-12 02:39:39,28.2
2016-10-12 03:39:39,27.6
2016-10-12 04:39:39,27.1
2016-10-12 05:39:39,26.7
2016-10-12 06:39:39,27.7
2016-10-12 07:39:39,29.7
2016-10-12 08:39:39,30.9
2016-10-12 09:39:39,32.5
2016-10-12 10:39:39,33.1
2016-10-12 11:39:39,33.8
2016-10-12 12:39:39,28.9
2016-10-13 01:39:39,25.3
2016-10-13 02:39:39,25.1
2016-10-13 03:39:39,24.7
2016-10-13 04:39:39,24.4
2016-10-13 05:39:39,24.4
2016-10-13 06:39:39,24.2
2016-10-13 07:39:39,24.1
2016-10-13 08:39:39,24.2
2016-10-13 09:39:39,25.2
2016-10-13 10:39:39,25.0
2016-10-13 11:39:39,25.8
2016-10-13 12:39:39,25.6
2016-10-14 01:39:39,23.3
2016-10-14 02:39:39,23.1
2016-10-14 03:39:39,22.6
2016-10-14 04:39:39,22.9
2016-10-14 05:39:39,22.4
2016-10-14 06:39:39,22.2
2016-10-14 07:39:39,22.3
2016-10-14 08:39:39,22.0
2016-10-14 09:39:39,22.4
2016-10-14 10:39:39,23.8
2016-10-14 11:39:39,24.2
2016-10-14 12:39:39,23.6
2016-10-15 01:39:39,23.4
2016-10-15 02:39:39,23.2
2016-10-15 03:39:39,22.9
2016-10-15 04:39:39,22.6
2016-10-15 05:39:39,22.5
2016-10-15 06:39:39,22.8
2016-10-15 07:39:39,23.5
2016-10-15 08:39:39,25.1
2016-10-15 09:39:39,26.0
2016-10-15 10:39:39,26.7
2016-10-15 11:39:39,27.8
2016-10-15 12:39:39,23.7
2016-10-16 01:39:39,26.9
2016-10-16 02:39:39,26.5
2016-10-16 03:39:39,26.2
2016-10-16 04:39:39,26.1
2016-10-16 05:39:39,25.8
2016-10-16 06:39:39,26.9
2016-10-16 07:39:39,28.3
2016-10-16 08:39:39,29.8
2016-10-16 09:39:39,30.4
2016-10-16 10:39:39,31.7
2016-10-16 11:39:39,32.5
2016-10-16 12:39:39,27.3
2016-10-17 01:39:39,29.9
2016-10-17 02:39:39,29.3
2016-10-17 03:39:39,28.2
2016-10-17 04:39:39,26.9
2016-10-17 05:39:39,26.2
2016-10-17 06:39:39,26.1
2016-10-17 07:39:39,23.6
2016-10-17 08:39:39,23.9
2016-10-17 09:39:39,25.1
2016-10-17 10:39:39,25.1
2016-10-17 11:39:39,25.1
2016-10-17 12:39:39,30.7
2016-10-18 01:39:39,23.2
2016-10-18 02:39:39,22.7
2016-10-18 03:39:39,22.3
2016-10-18 04:39:39,22.0
2016-10-18 05:39:39,21.9
2016-10-18 06:39:39,22.1
2016-10-18 07:39:39,22.2
2016-10-18 08:39:39,22.1
2016-10-18 09:39:39,21.6
2016-10-18 10:39:39,21.8
2016-10-18 11:39:39,22.0
2016-10-18 12:39:39,23.4
2016-10-19 01:39:39,21.8
2016-10-19 02:39:39,21.8
2016-10-19 03:39:39,21.8
2016-10-19 04:39:39,21.7
2016-10-19 05:39:39,21.6
2016-10-19 06:39:39,21.7
2016-10-19 07:39:39,21.4
2016-10-19 08:39:39,21.6
2016-10-19 09:39:39,22.7
2016-10-19 10:39:39,22.9
2016-10-19 11:39:39,24.4
2016-10-19 12:39:39,21.9
2016-10-20 01:39:39,23.3
2016-10-20 02:39:39,23.2
2016-10-20 03:39:39,23.1
2016-10-20 04:39:39,23.2
2016-10-20 05:39:39,23.2
2016-10-20 06:39:39,23.5
2016-10-20 07:39:39,24.2
2016-10-20 08:39:39,25.5
2016-10-20 09:39:39,26.7
2016-10-20 10:39:39,26.9
2016-10-20 11:39:39,28.1
2016-10-20 12:39:39,23.6
2016-10-21 01:39:39,26.0
2016-10-21 02:39:39,25.6
2016-10-21 03:39:39,25.6
2016-10-21 04:39:39,25.4
2016-10-21 05:39:39,25.2
2016-10-21 06:39:39,25.4
2016-10-21 07:39:39,25.7
2016-10-21 08:39:39,27.2
2016-10-21 09:39:39,28.1
2016-10-21 10:39:39,28.7
2016-10-21 11:39:39,29.4
2016-10-21 12:39:39,26.6
2016-10-22 01:39:39,26.5
2016-10-22 02:39:39,26.2
2016-10-22 03:39:39,26.1
2016-10-22 04:39:39,25.9
2016-10-22 05:39:39,25.8
2016-10-22 06:39:39,26.1
2016-10-22 07:39:39,27.4
2016-10-22 08:39:39,28.9
2016-10-22 09:39:39,30.7
2016-10-22 10:39:39,31.4
2016-10-22 11:39:39,32.1
2016-10-22 12:39:39,26.6
2016-10-23 01:39:39,28.9
2016-10-23 02:39:39,28.6
2016-10-23 03:39:39,28.7
2016-10-23 04:39:39,27.9
2016-10-23 05:39:39,27.4
2016-10-23 06:39:39,27.3
2016-10-23 07:39:39,27.2
2016-10-23 08:39:39,27.6
2016-10-23 09:39:39,28.2
2016-10-23 10:39:39,29.7
2016-10-23 11:39:39,31.5
2016-10-23 12:39:39,28.8
2016-10-24 01:39:39,30.1
2016-10-24 02:39:39,29.7
2016-10-24 03:39:39,29.5
2016-10-24 04:39:39,29.0
2016-10-24 05:39:39,28.8
2016-10-24 06:39:39,28.6
2016-10-24 07:39:39,28.8
2016-10-24 08:39:39,29.0
2016-10-24 09:39:39,30.7
2016-10-24 10:39:39,31.7
2016-10-24 11:39:39,32.5
2016-10-24 12:39:39,30.6
2016-10-25 01:39:39,30.1
2016-10-25 02:39:39,28.9
2016-10-25 03:39:39,28.6
2016-10-25 04:39:39,28.2
2016-10-25 05:39:39,27.9
2016-10-25 06:39:39,28.0
2016-10-25 07:39:39,27.9
2016-10-25 08:39:39,28.1
2016-10-25 09:39:39,29.6
2016-10-25 10:39:39,30.7
2016-10-25 11:39:39,31.2
2016-10-25 12:39:39,32.1
2016-10-26 01:39:39,28.4
2016-10-26 02:39:39,28.1
2016-10-26 03:39:39,27.7
2016-10-26 04:39:39,27.6
2016-10-26 05:39:39,27.2
2016-10-26 06:39:39,25.4
2016-10-26 07:39:39,24.6
2016-10-26 08:39:39,25.3
2016-10-26 09:39:39,25.2
2016-10-26 10:39:39,25.2
2016-10-26 11:39:39,26.0
2016-10-26 12:39:39,28.9
2016-10-27 01:39:39,27.1
2016-10-27 02:39:39,27.0
2016-10-27 03:39:39,27.0
2016-10-27 04:39:39,26.9
2016-10-27 05:39:39,26.6
2016-10-27 06:39:39,26.9
2016-10-27 07:39:39,26.2
2016-10-27 08:39:39,28.3
2016-10-27 09:39:39,29.6
2016-10-27 10:39:39,30.7
2016-10-27 11:39:39,31.3
2016-10-27 12:39:39,27.5
2016-10-28 01:39:39,29.8
2016-10-28 02:39:39,29.4
2016-10-28 03:39:39,28.9
2016-10-28 04:39:39,28.6
2016-10-28 05:39:39,28.2
2016-10-28 06:39:39,29.7
2016-10-28 07:39:39,31.3
2016-10-28 08:39:39,32.9
2016-10-28 09:39:39,33.7
2016-10-28 10:39:39,34.5
2016-10-28 11:39:39,35.2
2016-10-28 12:39:39,30.2
2016-10-29 01:39:39,31.1
2016-10-29 02:39:39,30.7
2016-10-29 03:39:39,30.4
2016-10-29 04:39:39,30.2
2016-10-29 05:39:39,29.5
2016-10-29 06:39:39,29.1
2016-10-29 07:39:39,30.7
2016-10-29 08:39:39,32.3
2016-10-29 09:39:39,33.3
2016-10-29 10:39:39,33.8
2016-10-29 11:39:39,34.6
2016-10-29 12:39:39,31.4
2016-10-30 01:39:39,31.8
2016-10-30 02:39:39,31.4
2016-10-30 03:39:39,30.8
2016-10-30 04:39:39,30.7
2016-10-30 05:39:39,29.8
2016-10-30 06:39:39,31.2
2016-10-30 07:39:39,33.3
2016-10-30 08:39:39,33.8
2016-10-30 09:39:39,34.8
2016-10-30 10:39:39,35.8
2016-10-30 11:39:39,36.6
2016-10-30 12:39:39,32.3
2016-10-31 01:39:39,29.4
2016-10-31 02:39:39,29.1
2016-10-31 03:39:39,28.8
2016-10-31 04:39:39,28.4
2016-10-31 05:39:39,27.9
2016-10-31 06:39:39,28.6
2016-10-31 07:39:39,29.1
2016-10-31 08:39:39,29.8
2016-10-31 09:39:39,30.4
2016-10-31 10:39:39,31.7
2016-10-31 11:39:39,32.2
2016-10-31 12:39:39,29.8
2016-11-01 01:39:39,29.6
2016-11-01 02:39:39,28.8
2016-11-01 03:39:39,28.7
2016-11-01 04:39:39,28.3
2016-11-01 05:39:39,27.9
2016-11-01 06:39:39,26.6
2016-11-01 07:39:39,27.1
2016-11-01 08:39:39,25.9
2016-11-01 09:39:39,27.4
2016-11-01 10:39:39,27.9
2016-11-01 11:39:39,27.6
2016-11-01 12:39:39,29.9
2016-11-02 01:39:39,27.0
2016-11-02 02:39:39,26.9
2016-11-02 03:39:39,26.9
2016-11-02 04:39:39,26.8
2016-11-02 05:39:39,26.3
2016-11-02 06:39:39,26.2
2016-11-02 07:39:39,25.9
2016-11-02 08:39:39,25.4
2016-11-02 09:39:39,25.8
2016-11-02 10:39:39,27.3
2016-11-02 11:39:39,26.9
2016-11-02 12:39:39,27.1
2016-11-03 01:39:39,26.9
2016-11-03 02:39:39,26.6
2016-11-03 03:39:39,26.3
2016-11-03 04:39:39,26.2
2016-11-03 05:39:39,25.8
2016-11-03 06:39:39,25.7
2016-11-03 07:39:39,25.7
2016-11-03 08:39:39,26.3
2016-11-03 09:39:39,27.0
2016-11-03 10:39:39,27.1
2016-11-03 11:39:39,27.7
2016-11-03 12:39:39,26.8
2016-11-04 01:39:39,27.9
2016-11-04 02:39:39,27.7
2016-11-04 03:39:39,27.4
2016-11-04 04:39:39,27.1
2016-11-04 05:39:39,27.1
2016-11-04 06:39:39,27.8
2016-11-04 07:39:39,29.2
2016-11-04 08:39:39,30.6
2016-11-04 09:39:39,31.6
2016-11-04 10:39:39,32.1
2016-11-04 11:39:39,32.8
2016-11-04 12:39:39,28.2
2016-11-05 01:39:39,30.6
2016-11-05 02:39:39,30.2
2016-11-05 03:39:39,29.8
2016-11-05 04:39:39,29.4
2016-11-05 05:39:39,29.3
2016-11-05 06:39:39,30.3
2016-11-05 07:39:39,31.6
2016-11-05 08:39:39,32.4
2016-11-05 09:39:39,33.6
2016-11-05 10:39:39,34.2
2016-11-05 11:39:39,34.7
2016-11-05 12:39:39,30.9
2016-11-06 01:39:39,31.3
2016-11-06 02:39:39,30.7
2016-11-06 03:39:39,30.2
2016-11-06 04:39:39,30.2
2016-11-06 05:39:39,30.1
2016-11-06 06:39:39,31.4
2016-11-06 07:39:39,32.4
2016-11-06 08:39:39,33.1
2016-11-06 09:39:39,33.0
2016-11-06 10:39:39,33.8
2016-11-06 11:39:39,35.1
2016-11-06 12:39:39,31.7
2016-11-07 01:39:39,31.0
2016-11-07 02:39:39,30.4
2016-11-07 03:39:39,30.1
2016-11-07 04:39:39,30.0
2016-11-07 05:39:39,29.0
2016-11-07 06:39:39,28.6
2016-11-07 07:39:39,27.4
2016-11-07 08:39:39,28.4
2016-11-07 09:39:39,29.8
2016-11-07 10:39:39,29.6
2016-11-07 11:39:39,28.4
2016-11-07 12:39:39,32.4
2016-11-08 01:39:39,27.4
2016-11-08 02:39:39,27.2
2016-11-08 03:39:39,27.2
2016-11-08 04:39:39,27.1
2016-11-08 05:39:39,26.7
2016-11-08 06:39:39,26.1
2016-11-08 07:39:39,26.6
2016-11-08 08:39:39,28.2
2016-11-08 09:39:39,29.3
2016-11-08 10:39:39,30.3
2016-11-08 11:39:39,31.3
2016-11-08 12:39:39,27.3
2016-11-09 01:39:39,30.2
2016-11-09 02:39:39,29.9
2016-11-09 03:39:39,29.4
2016-11-09 04:39:39,29.3
2016-11-09 05:39:39,29.2
2016-11-09 06:39:39,29.1
2016-11-09 07:39:39,29.1
2016-11-09 08:39:39,29.3
2016-11-09 09:39:39,28.6
2016-11-09 10:39:39,29.4
2016-11-09 11:39:39,30.6
2016-11-09 12:39:39,30.4
2016-11-10 01:39:39,29.7
2016-11-10 02:39:39,29.1
2016-11-10 03:39:39,28.7
2016-11-10 04:39:39,28.8
2016-11-10 05:39:39,28.6
2016-11-10 06:39:39,29.3
2016-11-10 07:39:39,30.7
2016-11-10 08:39:39,31.0
2016-11-10 09:39:39,31.6
2016-11-10 10:39:39,32.3
2016-11-10 11:39:39,32.9
2016-11-10 12:39:39,30.6
2016-11-11 01:39:39,27.9
2016-11-11 02:39:39,27.7
2016-11-11 03:39:39,27.4
2016-11-11 04:39:39,27.1
2016-11-11 05:39:39,26.2
2016-11-11 06:39:39,26.6
2016-11-11 07:39:39,25.7
2016-11-11 08:39:39,25.3
2016-11-11 09:39:39,24.8
2016-11-11 10:39:39,26.8
2016-11-11 11:39:39,28.5
2016-11-11 12:39:39,28.4
2016-11-12 01:39:39,26.3
2016-11-12 02:39:39,26.0
2016-11-12 03:39:39,25.7
2016-11-12 04:39:39,25.3
2016-11-12 05:39:39,24.1
2016-11-12 06:39:39,24.7
2016-11-12 07:39:39,25.1
2016-11-12 08:39:39,25.7
2016-11-12 09:39:39,26.1
2016-11-12 10:39:39,27.1
2016-11-12 11:39:39,28.2
2016-11-12 12:39:39,26.3
2016-11-13 01:39:39,27.5
2016-11-13 02:39:39,27.1
2016-11-13 03:39:39,27.1
2016-11-13 04:39:39,26.9
2016-11-13 05:39:39,26.7
2016-11-13 06:39:39,26.9
2016-11-13 07:39:39,27.3
2016-11-13 08:39:39,27.1
2016-11-13 09:39:39,27.2
2016-11-13 10:39:39,27.4
2016-11-13 11:39:39,28.7
2016-11-13 12:39:39,28.1
2016-11-14 01:39:39,26.4
2016-11-14 02:39:39,26.5
2016-11-14 03:39:39,26.3
2016-11-14 04:39:39,25.8
2016-11-14 05:39:39,25.6
2016-11-14 06:39:39,25.3
2016-11-14 07:39:39,24.4
2016-11-14 08:39:39,23.6
2016-11-14 09:39:39,23.3
2016-11-14 10:39:39,23.2
2016-11-14 11:39:39,23.8
2016-11-14 12:39:39,26.3
2016-11-15 01:39:39,22.3
2016-11-15 02:39:39,22.2
2016-11-15 03:39:39,22.0
2016-11-15 04:39:39,22.1
2016-11-15 05:39:39,22.2
2016-11-15 06:39:39,21.9
2016-11-15 07:39:39,21.5
2016-11-15 08:39:39,21.8
2016-11-15 09:39:39,22.0
2016-11-15 10:39:39,21.9
2016-11-15 11:39:39,22.4
2016-11-15 12:39:39,22.5
2016-11-16 01:39:39,22.5
2016-11-16 02:39:39,22.5
2016-11-16 03:39:39,22.4
2016-11-16 04:39:39,22.1
2016-11-16 05:39:39,22.0
2016-11-16 06:39:39,22.1
2016-11-16 07:39:39,22.5
2016-11-16 08:39:39,22.2
2016-11-16 09:39:39,22.7
2016-11-16 10:39:39,23.9
2016-11-16 11:39:39,24.8
2016-11-16 12:39:39,22.6
2016-11-17 01:39:39,24.7
2016-11-17 02:39:39,24.3
2016-11-17 03:39:39,23.9
2016-11-17 04:39:39,23.8
2016-11-17 05:39:39,24.0
2016-11-17 06:39:39,26.2
2016-11-17 07:39:39,26.5
2016-11-17 08:39:39,27.9
2016-11-17 09:39:39,29.3
2016-11-17 10:39:39,30.4
2016-11-17 11:39:39,31.4
2016-11-17 12:39:39,24.8
2016-11-18 01:39:39,28.8
2016-11-18 02:39:39,28.4
2016-11-18 03:39:39,28.2
2016-11-18 04:39:39,27.8
2016-11-18 05:39:39,27.8
2016-11-18 06:39:39,26.1
2016-11-18 07:39:39,27.0
2016-11-18 08:39:39,26.4
2016-11-18 09:39:39,24.8
2016-11-18 10:39:39,26.3
2016-11-18 11:39:39,27.0
2016-11-18 12:39:39,29.3
2016-11-19 01:39:39,23.3
2016-11-19 02:39:39,23.2
2016-11-19 03:39:39,23.1
2016-11-19 04:39:39,22.8
2016-11-19 05:39:39,22.8
2016-11-19 06:39:39,22.8
2016-11-19 07:39:39,23.1
2016-11-19 08:39:39,22.1
2016-11-19 09:39:39,22.0
2016-11-19 10:39:39,23.1
2016-11-19 11:39:39,23.4
2016-11-19 12:39:39,23.2
2016-11-20 01:39:39,23.3
2016-11-20 02:39:39,23.1
2016-11-20 03:39:39,23.0
2016-11-20 04:39:39,23.1
2016-11-20 05:39:39,22.7
2016-11-20 06:39:39,23.2
2016-11-20 07:39:39,25.5
2016-11-20 08:39:39,25.9
2016-11-20 09:39:39,26.4
2016-11-20 10:39:39,26.1
2016-11-20 11:39:39,26.9
2016-11-20 12:39:39,23.7
2016-11-21 01:39:39,26.2
2016-11-21 02:39:39,26.0
2016-11-21 03:39:39,25.6
2016-11-21 04:39:39,25.3
2016-11-21 05:39:39,25.2
2016-11-21 06:39:39,24.8
2016-11-21 07:39:39,25.3
2016-11-21 08:39:39,26.6
2016-11-21 09:39:39,28.1
2016-11-21 10:39:39,28.6
2016-11-21 11:39:39,30.1
2016-11-21 12:39:39,26.4
2016-11-22 01:39:39,28.3
2016-11-22 02:39:39,28.0
2016-11-22 03:39:39,27.8
2016-11-22 04:39:39,27.3
2016-11-22 05:39:39,27.4
2016-11-22 06:39:39,28.8
2016-11-22 07:39:39,29.8
2016-11-22 08:39:39,31.2
2016-11-22 09:39:39,32.6
2016-11-22 10:39:39,33.5
2016-11-22 11:39:39,34.3
2016-11-22 12:39:39,28.7
2016-11-23 01:39:39,28.8
2016-11-23 02:39:39,28.4
2016-11-23 03:39:39,28.0
2016-11-23 04:39:39,28.1
2016-11-23 05:39:39,28.1
2016-11-23 06:39:39,27.8
2016-11-23 07:39:39,28.1
2016-11-23 08:39:39,28.1
2016-11-23 09:39:39,28.7
2016-11-23 10:39:39,30.2
2016-11-23 11:39:39,30.9
2016-11-23 12:39:39,29.1
2016-11-24 01:39:39,29.2
2016-11-24 02:39:39,28.9
2016-11-24 03:39:39,28.7
2016-11-24 04:39:39,28.4
2016-11-24 05:39:39,28.2
2016-11-24 06:39:39,27.3
2016-11-24 07:39:39,28.3
2016-11-24 08:39:39,30.3
2016-11-24 09:39:39,31.6
2016-11-24 10:39:39,32.0
2016-11-24 11:39:39,32.7
2016-11-24 12:39:39,29.7
2016-11-25 01:39:39,29.7
2016-11-25 02:39:39,29.4
2016-11-25 03:39:39,29.3
2016-11-25 04:39:39,29.0
2016-11-25 05:39:39,28.8
2016-11-25 06:39:39,27.6
2016-11-25 07:39:39,27.1
2016-11-25 08:39:39,27.6
2016-11-25 09:39:39,27.7
2016-11-25 10:39:39,28.8
2016-11-25 11:39:39,28.8
2016-11-25 12:39:39,29.9
2016-11-26 01:39:39,26.4
2016-11-26 02:39:39,26.3
2016-11-26 03:39:39,26.2
2016-11-26 04:39:39,26.0
2016-11-26 05:39:39,25.9
2016-11-26 06:39:39,25.8
2016-11-26 07:39:39,25.6
2016-11-26 08:39:39,25.5
2016-11-26 09:39:39,25.7
2016-11-26 10:39:39,25.4
2016-11-26 11:39:39,24.7
2016-11-26 12:39:39,26.2
2016-11-27 01:39:39,23.9
2016-11-27 02:39:39,23.8
2016-11-27 03:39:39,23.8
2016-11-27 04:39:39,23.6
2016-11-27 05:39:39,24.0
2016-11-27 06:39:39,24.2
2016-11-27 07:39:39,23.2
2016-11-27 08:39:39,24.4
2016-11-27 09:39:39,25.4
2016-11-27 10:39:39,26.6
2016-11-27 11:39:39,27.3
2016-11-27 12:39:39,24.2
2016-11-28 01:39:39,25.2
2016-11-28 02:39:39,24.9
2016-11-28 03:39:39,24.8
2016-11-28 04:39:39,24.5
2016-11-28 05:39:39,24.4
2016-11-28 06:39:39,25.9
2016-11-28 07:39:39,27.4
2016-11-28 08:39:39,27.1
2016-11-28 09:39:39,28.1
2016-11-28 10:39:39,29.9
2016-11-28 11:39:39,30.7
2016-11-28 12:39:39,25.4
2016-11-29 01:39:39,28.2
2016-11-29 02:39:39,27.9
2016-11-29 03:39:39,27.7
2016-11-29 04:39:39,27.3
2016-11-29 05:39:39,27.4
2016-11-29 06:39:39,29.2
2016-11-29 07:39:39,30.0
2016-11-29 08:39:39,30.9
2016-11-29 09:39:39,31.7
2016-11-29 10:39:39,32.8
2016-11-29 11:39:39,33.7
2016-11-29 12:39:39,28.7
2016-11-30 01:39:39,29.4
2016-11-30 02:39:39,29.2
2016-11-30 03:39:39,28.9
2016-11-30 04:39:39,28.7
2016-11-30 05:39:39,28.3
2016-11-30 06:39:39,28.6
2016-11-30 07:39:39,28.8
2016-11-30 08:39:39,29.6
2016-11-30 09:39:39,31.1
2016-11-30 10:39:39,31.4
2016-11-30 11:39:39,32.2
2016-11-30 12:39:39,30.2
2016-12-01 01:39:39,30.4
2016-12-01 02:39:39,29.3
2016-12-01 03:39:39,29.5
2016-12-01 04:39:39,29.4
2016-12-01 05:39:39,29.1
2016-12-01 06:39:39,28.9
2016-12-01 07:39:39,27.8
2016-12-01 08:39:39,29.7
2016-12-01 09:39:39,32.6
2016-12-01 10:39:39,32.2
2016-12-01 11:39:39,33.7
2016-12-01 12:39:39,31.9
2016-12-02 01:39:39,30.7
2016-12-02 02:39:39,28.9
2016-12-02 03:39:39,28.4
2016-12-02 04:39:39,28.2
2016-12-02 05:39:39,27.3
2016-12-02 06:39:39,25.8
2016-12-02 07:39:39,25.1
2016-12-02 08:39:39,25.4
2016-12-02 09:39:39,26.1
2016-12-02 10:39:39,28.4
2016-12-02 11:39:39,29.2
2016-12-02 12:39:39,31.0
2016-12-03 01:39:39,26.4
2016-12-03 02:39:39,26.1
2016-12-03 03:39:39,25.8
2016-12-03 04:39:39,25.3
2016-12-03 05:39:39,25.9
2016-12-03 06:39:39,25.7
2016-12-03 07:39:39,25.4
2016-12-03 08:39:39,26.8
2016-12-03 09:39:39,28.6
2016-12-03 10:39:39,29.3
2016-12-03 11:39:39,30.1
2016-12-03 12:39:39,26.9
2016-12-04 01:39:39,28.5
2016-12-04 02:39:39,28.1
2016-12-04 03:39:39,27.8
2016-12-04 04:39:39,27.6
2016-12-04 05:39:39,27.4
2016-12-04 06:39:39,29.0
2016-12-04 07:39:39,30.2
2016-12-04 08:39:39,30.8
2016-12-04 09:39:39,31.6
2016-12-04 10:39:39,32.6
2016-12-04 11:39:39,33.7
2016-12-04 12:39:39,28.7
2016-12-05 01:39:39,30.1
2016-12-05 02:39:39,29.6
2016-12-05 03:39:39,29.4
2016-12-05 04:39:39,29.3
2016-12-05 05:39:39,28.9
2016-12-05 06:39:39,28.5
2016-12-05 07:39:39,28.8
2016-12-05 08:39:39,28.6
2016-12-05 09:39:39,28.4
2016-12-05 10:39:39,28.6
2016-12-05 11:39:39,28.2
2016-12-05 12:39:39,30.3
2016-12-06 01:39:39,27.1
2016-12-06 02:39:39,27.1
2016-12-06 03:39:39,26.8
2016-12-06 04:39:39,26.3
2016-12-06 05:39:39,26.2
2016-12-06 06:39:39,25.5
2016-12-06 07:39:39,25.3
2016-12-06 08:39:39,23.9
2016-12-06 09:39:39,25.2
2016-12-06 10:39:39,25.7
2016-12-06 11:39:39,26.7
2016-12-06 12:39:39,27.1
2016-12-07 01:39:39,26.1
2016-12-07 02:39:39,25.9
2016-12-07 03:39:39,25.7
2016-12-07 04:39:39,25.5
2016-12-07 05:39:39,25.4
2016-12-07 06:39:39,26.7
2016-12-07 07:39:39,27.9
2016-12-07 08:39:39,28.4
2016-12-07 09:39:39,29.4
2016-12-07 10:39:39,30.4
2016-12-07 11:39:39,31.4
2016-12-07 12:39:39,26.4
2016-12-08 01:39:39,29.8
2016-12-08 02:39:39,29.3
2016-12-08 03:39:39,28.7
2016-12-08 04:39:39,28.4
2016-12-08 05:39:39,27.8
2016-12-08 06:39:39,28.0
2016-12-08 07:39:39,27.8
2016-12-08 08:39:39,29.1
2016-12-08 09:39:39,29.5
2016-12-08 10:39:39,30.3
2016-12-08 11:39:39,31.7
2016-12-08 12:39:39,30.0
2016-12-09 01:39:39,30.6
2016-12-09 02:39:39,30.2
2016-12-09 03:39:39,29.7
2016-12-09 04:39:39,29.4
2016-12-09 05:39:39,28.8
2016-12-09 06:39:39,29.7
2016-12-09 07:39:39,30.7
2016-12-09 08:39:39,32.8
2016-12-09 09:39:39,34.1
2016-12-09 10:39:39,34.9
2016-12-09 11:39:39,34.8
2016-12-09 12:39:39,31.0
2016-12-10 01:39:39,31.5
2016-12-10 02:39:39,31.1
2016-12-10 03:39:39,31.1
2016-12-10 04:39:39,30.7
2016-12-10 05:39:39,29.8
2016-12-10 06:39:39,30.3
2016-12-10 07:39:39,29.6
2016-12-10 08:39:39,28.4
2016-12-10 09:39:39,28.4
2016-12-10 10:39:39,28.7
2016-12-10 11:39:39,29.6
2016-12-10 12:39:39,31.9
2016-12-11 01:39:39,28.8
2016-12-11 02:39:39,28.3
2016-12-11 03:39:39,27.8
2016-12-11 04:39:39,27.9
2016-12-11 05:39:39,27.6
2016-12-11 06:39:39,27.8
2016-12-11 07:39:39,26.4
2016-12-11 08:39:39,24.6
2016-12-11 09:39:39,24.9
2016-12-11 10:39:39,26.6
2016-12-11 11:39:39,27.1
2016-12-11 12:39:39,29.1
2016-12-12 01:39:39,25.3
2016-12-12 02:39:39,25.0
2016-12-12 03:39:39,24.9
2016-12-12 04:39:39,24.7
2016-12-12 05:39:39,24.8
2016-12-12 06:39:39,24.7
2016-12-12 07:39:39,24.8
2016-12-12 08:39:39,23.9
2016-12-12 09:39:39,23.9
2016-12-12 10:39:39,24.3
2016-12-12 11:39:39,24.1
2016-12-12 12:39:39,25.4
2016-12-13 01:39:39,25.1
2016-12-13 02:39:39,25.0
2016-12-13 03:39:39,24.8
2016-12-13 04:39:39,24.8
2016-12-13 05:39:39,24.8
2016-12-13 06:39:39,25.5
2016-12-13 07:39:39,25.7
2016-12-13 08:39:39,26.4
2016-12-13 09:39:39,27.2
2016-12-13 10:39:39,27.4
2016-12-13 11:39:39,28.1
2016-12-13 12:39:39,25.2
2016-12-14 01:39:39,27.6
2016-12-14 02:39:39,26.3
2016-12-14 03:39:39,25.8
2016-12-14 04:39:39,25.3
2016-12-14 05:39:39,25.2
2016-12-14 06:39:39,24.2
2016-12-14 07:39:39,23.7
2016-12-14 08:39:39,23.9
2016-12-14 09:39:39,24.1
2016-12-14 10:39:39,24.1
2016-12-14 11:39:39,24.3
2016-12-14 12:39:39,28.1
2016-12-15 01:39:39,24.2
2016-12-15 02:39:39,24.2
2016-12-15 03:39:39,24.2
2016-12-15 04:39:39,23.9
2016-12-15 05:39:39,24.0
2016-12-15 06:39:39,24.2
2016-12-15 07:39:39,24.4
2016-12-15 08:39:39,24.1
2016-12-15 09:39:39,24.4
2016-12-15 10:39:39,24.7
2016-12-15 11:39:39,25.8
2016-12-15 12:39:39,24.2
2016-12-16 01:39:39,26.8
2016-12-16 02:39:39,26.6
2016-12-16 03:39:39,26.2
2016-12-16 04:39:39,26.3
2016-12-16 05:39:39,26.3
2016-12-16 06:39:39,25.9
2016-12-16 07:39:39,25.9
2016-12-16 08:39:39,25.9
2016-12-16 09:39:39,26.3
2016-12-16 10:39:39,27.4
2016-12-16 11:39:39,28.6
2016-12-16 12:39:39,26.9
2016-12-17 01:39:39,26.0
2016-12-17 02:39:39,25.8
2016-12-17 03:39:39,25.5
2016-12-17 04:39:39,25.4
2016-12-17 05:39:39,25.2
2016-12-17 06:39:39,25.2
2016-12-17 07:39:39,25.4
2016-12-17 08:39:39,25.4
2016-12-17 09:39:39,26.1
2016-12-17 10:39:39,26.4
2016-12-17 11:39:39,26.5
2016-12-17 12:39:39,26.5
2016-12-18 01:39:39,25.7
2016-12-18 02:39:39,25.4
2016-12-18 03:39:39,25.3
2016-12-18 04:39:39,25.2
2016-12-18 05:39:39,24.7
2016-12-18 06:39:39,25.0
2016-12-18 07:39:39,25.1
2016-12-18 08:39:39,25.3
2016-12-18 09:39:39,25.8
2016-12-18 10:39:39,26.8
2016-12-18 11:39:39,28.1
2016-12-18 12:39:39,26.2
2016-12-19 01:39:39,27.6
2016-12-19 02:39:39,27.6
2016-12-19 03:39:39,27.3
2016-12-19 04:39:39,26.9
2016-12-19 05:39:39,26.8
2016-12-19 06:39:39,26.6
2016-12-19 07:39:39,27.3
2016-12-19 08:39:39,28.7
2016-12-19 09:39:39,28.8
2016-12-19 10:39:39,29.5
2016-12-19 11:39:39,29.9
2016-12-19 12:39:39,27.8
2016-12-20 01:39:39,29.1
2016-12-20 02:39:39,28.7
2016-12-20 03:39:39,28.5
2016-12-20 04:39:39,28.4
2016-12-20 05:39:39,28.3
2016-12-20 06:39:39,29.0
2016-12-20 07:39:39,29.2
2016-12-20 08:39:39,30.1
2016-12-20 09:39:39,30.3
2016-12-20 10:39:39,31.1
2016-12-20 11:39:39,31.9
2016-12-20 12:39:39,29.4
2016-12-21 01:39:39,29.9
2016-12-21 02:39:39,29.7
2016-12-21 03:39:39,29.4
2016-12-21 04:39:39,29.2
2016-12-21 05:39:39,29.2
2016-12-21 06:39:39,29.2
2016-12-21 07:39:39,30.7
2016-12-21 08:39:39,30.8
2016-12-21 09:39:39,31.3
2016-12-21 10:39:39,31.6
2016-12-21 11:39:39,32.5
2016-12-21 12:39:39,30.3
2016-12-22 01:39:39,31.5
2016-12-22 02:39:39,31.3
2016-12-22 03:39:39,31.1
2016-12-22 04:39:39,30.7
2016-12-22 05:39:39,30.9
2016-12-22 06:39:39,30.6
2016-12-22 07:39:39,31.4
2016-12-22 08:39:39,32.3
2016-12-22 09:39:39,34.2
2016-12-22 10:39:39,35.3
2016-12-22 11:39:39,36.3
2016-12-22 12:39:39,31.9
2016-12-23 01:39:39,33.1
2016-12-23 02:39:39,32.8
2016-12-23 03:39:39,32.5
2016-12-23 04:39:39,32.2
2016-12-23 05:39:39,30.9
2016-12-23 06:39:39,32.3
2016-12-23 07:39:39,33.2
2016-12-23 08:39:39,33.7
2016-12-23 09:39:39,34.4
2016-12-23 10:39:39,34.9
2016-12-23 11:39:39,35.7
2016-12-23 12:39:39,33.4
2016-12-24 01:39:39,32.7
2016-12-24 02:39:39,32.3
2016-12-24 03:39:39,31.9
2016-12-24 04:39:39,31.5
2016-12-24 05:39:39,30.8
2016-12-24 06:39:39,32.2
2016-12-24 07:39:39,33.6
2016-12-24 08:39:39,34.5
2016-12-24 09:39:39,35.6
2016-12-24 10:39:39,35.8
2016-12-24 11:39:39,36.8
2016-12-24 12:39:39,32.9
2016-12-25 01:39:39,28.5
2016-12-25 02:39:39,27.4
2016-12-25 03:39:39,27.7
2016-12-25 04:39:39,27.1
2016-12-25 05:39:39,26.6
2016-12-25 06:39:39,26.3
2016-12-25 07:39:39,26.4
2016-12-25 08:39:39,23.9
2016-12-25 09:39:39,22.4
2016-12-25 10:39:39,22.9
2016-12-25 11:39:39,23.8
2016-12-25 12:39:39,29.4
2016-12-26 01:39:39,23.8
2016-12-26 02:39:39,23.6
2016-12-26 03:39:39,23.6
2016-12-26 04:39:39,23.5
2016-12-26 05:39:39,22.9
2016-12-26 06:39:39,23.3
2016-12-26 07:39:39,23.1
2016-12-26 08:39:39,23.1
2016-12-26 09:39:39,22.8
2016-12-26 10:39:39,23.2
2016-12-26 11:39:39,23.8
2016-12-26 12:39:39,23.8
2016-12-27 01:39:39,25.1
2016-12-27 02:39:39,25.1
2016-12-27 03:39:39,25.1
2016-12-27 04:39:39,25.1
2016-12-27 05:39:39,24.8
2016-12-27 06:39:39,24.8
2016-12-27 07:39:39,25.1
2016-12-27 08:39:39,26.1
2016-12-27 09:39:39,27.3
2016-12-27 10:39:39,27.5
2016-12-27 11:39:39,28.1
2016-12-27 12:39:39,25.1
2016-12-28 01:39:39,28.3
2016-12-28 02:39:39,28.2
2016-12-28 03:39:39,28.0
2016-12-28 04:39:39,27.9
2016-12-28 05:39:39,27.4
2016-12-28 06:39:39,28.6
2016-12-28 07:39:39,29.7
2016-12-28 08:39:39,30.3
2016-12-28 09:39:39,31.2
2016-12-28 10:39:39,31.9
2016-12-28 11:39:39,32.7
2016-12-28 12:39:39,28.5
2016-12-29 01:39:39,28.6
2016-12-29 02:39:39,28.1
2016-12-29 03:39:39,27.5
2016-12-29 04:39:39,27.8
2016-12-29 05:39:39,27.8
2016-12-29 06:39:39,27.2
2016-12-29 07:39:39,26.8
2016-12-29 08:39:39,26.2
2016-12-29 09:39:39,25.2
2016-12-29 10:39:39,25.6
2016-12-29 11:39:39,24.7
2016-12-29 12:39:39,28.8
2016-12-30 01:39:39,23.8
2016-12-30 02:39:39,23.4
2016-12-30 03:39:39,23.3
2016-12-30 04:39:39,23.2
2016-12-30 05:39:39,23.3
2016-12-30 06:39:39,23.3
2016-12-30 07:39:39,23.3
2016-12-30 08:39:39,23.0
2016-12-30 09:39:39,22.5
2016-12-30 10:39:39,22.9
2016-12-30 11:39:39,23.0
2016-12-30 12:39:39,23.9
2016-12-31 01:39:39,23.9
2016-12-31 02:39:39,23.8
2016-12-31 03:39:39,23.8
2016-12-31 04:39:39,23.7
2016-12-31 05:39:39,23.8
2016-12-31 06:39:39,23.8
2016-12-31 07:39:39,23.9
2016-12-31 08:39:39,24.3
2016-12-31 09:39:39,25.5
2016-12-31 10:39:39,25.6
2016-12-31 11:39:39,27.1
2016-12-31 12:39:39,23.9
2017-01-01 01:39:39,26.9
2017-01-01 02:39:39,26.7
2017-01-01 03:39:39,26.6
2017-01-01 04:39:39,26.5
2017-01-01 05:39:39,26.3
2017-01-01 06:39:39,26.3
2017-01-01 07:39:39,26.6
2017-01-01 08:39:39,26.9
2017-01-01 09:39:39,28.1
2017-01-01 10:39:39,28.7
2017-01-01 11:39:39,29.4
2017-01-01 12:39:39,26.8
2017-01-02 01:39:39,28.7
2017-01-02 02:39:39,28.2
2017-01-02 03:39:39,27.7
2017-01-02 04:39:39,27.4
2017-01-02 05:39:39,27.8
2017-01-02 06:39:39,27.6
2017-01-02 07:39:39,27.0
2017-01-02 08:39:39,27.2
2017-01-02 09:39:39,28.6
2017-01-02 10:39:39,28.9
2017-01-02 11:39:39,29.8
2017-01-02 12:39:39,28.8
2017-01-03 01:39:39,28.6
2017-01-03 02:39:39,28.3
2017-01-03 03:39:39,28.1
2017-01-03 04:39:39,27.7
2017-01-03 05:39:39,27.4
2017-01-03 06:39:39,28.3
2017-01-03 07:39:39,29.1
2017-01-03 08:39:39,29.2
2017-01-03 09:39:39,29.8
2017-01-03 10:39:39,30.6
2017-01-03 11:39:39,31.9
2017-01-03 12:39:39,28.9
2017-01-04 01:39:39,28.4
2017-01-04 02:39:39,28.0
2017-01-04 03:39:39,27.7
2017-01-04 04:39:39,27.5
2017-01-04 05:39:39,26.9
2017-01-04 06:39:39,27.0
2017-01-04 07:39:39,26.4
2017-01-04 08:39:39,25.4
2017-01-04 09:39:39,26.3
2017-01-04 10:39:39,27.6
2017-01-04 11:39:39,28.8
2017-01-04 12:39:39,28.9
2017-01-05 01:39:39,26.2
2017-01-05 02:39:39,25.6
2017-01-05 03:39:39,25.2
2017-01-05 04:39:39,25.2
2017-01-05 05:39:39,25.5
2017-01-05 06:39:39,25.4
2017-01-05 07:39:39,25.6
2017-01-05 08:39:39,25.3
2017-01-05 09:39:39,25.2
2017-01-05 10:39:39,26.5
2017-01-05 11:39:39,26.9
2017-01-05 12:39:39,26.4
2017-01-06 01:39:39,26.7
2017-01-06 02:39:39,26.7
2017-01-06 03:39:39,26.5
2017-01-06 04:39:39,26.4
2017-01-06 05:39:39,26.2
2017-01-06 06:39:39,26.4
2017-01-06 07:39:39,27.2
2017-01-06 08:39:39,28.6
2017-01-06 09:39:39,29.3
2017-01-06 10:39:39,31.1
2017-01-06 11:39:39,31.7
2017-01-06 12:39:39,26.9
2017-01-07 01:39:39,30.2
2017-01-07 02:39:39,29.9
2017-01-07 03:39:39,29.7
2017-01-07 04:39:39,29.4
2017-01-07 05:39:39,29.3
2017-01-07 06:39:39,29.9
2017-01-07 07:39:39,30.0
2017-01-07 08:39:39,30.6
2017-01-07 09:39:39,31.6
2017-01-07 10:39:39,32.8
2017-01-07 11:39:39,32.3
2017-01-07 12:39:39,30.4
2017-01-08 01:39:39,26.8
2017-01-08 02:39:39,26.6
2017-01-08 03:39:39,26.4
2017-01-08 04:39:39,25.8
2017-01-08 05:39:39,25.5
2017-01-08 06:39:39,25.2
2017-01-08 07:39:39,23.6
2017-01-08 08:39:39,23.3
2017-01-08 09:39:39,22.5
2017-01-08 10:39:39,22.4
2017-01-08 11:39:39,22.3
2017-01-08 12:39:39,27.3
2017-01-09 01:39:39,22.3
2017-01-09 02:39:39,22.4
2017-01-09 03:39:39,22.2
2017-01-09 04:39:39,22.4
2017-01-09 05:39:39,22.6
2017-01-09 06:39:39,22.6
2017-01-09 07:39:39,22.7
2017-01-09 08:39:39,23.1
2017-01-09 09:39:39,23.2
2017-01-09 10:39:39,23.7
2017-01-09 11:39:39,24.1
2017-01-09 12:39:39,22.3
2017-01-10 01:39:39,23.9
2017-01-10 02:39:39,23.8
2017-01-10 03:39:39,23.7
2017-01-10 04:39:39,23.7
2017-01-10 05:39:39,23.7
2017-01-10 06:39:39,25.1
2017-01-10 07:39:39,26.1
2017-01-10 08:39:39,26.7
2017-01-10 09:39:39,26.5
2017-01-10 10:39:39,26.8
2017-01-10 11:39:39,27.4
2017-01-10 12:39:39,23.9
2017-01-11 01:39:39,24.8
2017-01-11 02:39:39,24.6
2017-01-11 03:39:39,24.4
2017-01-11 04:39:39,24.4
2017-01-11 05:39:39,24.3
2017-01-11 06:39:39,25.3
2017-01-11 07:39:39,26.2
2017-01-11 08:39:39,26.9
2017-01-11 09:39:39,26.2
2017-01-11 10:39:39,26.8
2017-01-11 11:39:39,27.6
2017-01-11 12:39:39,25.3
2017-01-12 01:39:39,25.9
2017-01-12 02:39:39,25.8
2017-01-12 03:39:39,25.7
2017-01-12 04:39:39,25.6
2017-01-12 05:39:39,25.7
2017-01-12 06:39:39,25.5
2017-01-12 07:39:39,24.9
2017-01-12 08:39:39,26.0
2017-01-12 09:39:39,26.9
2017-01-12 10:39:39,27.4
2017-01-12 11:39:39,28.6
2017-01-12 12:39:39,26.1
2017-01-13 01:39:39,27.2
2017-01-13 02:39:39,27.2
2017-01-13 03:39:39,26.9
2017-01-13 04:39:39,26.9
2017-01-13 05:39:39,26.6
2017-01-13 06:39:39,26.6
2017-01-13 07:39:39,26.9
2017-01-13 08:39:39,27.7
2017-01-13 09:39:39,27.8
2017-01-13 10:39:39,28.6
2017-01-13 11:39:39,29.4
2017-01-13 12:39:39,27.7
2017-01-14 01:39:39,27.3
2017-01-14 02:39:39,27.1
2017-01-14 03:39:39,27.1
2017-01-14 04:39:39,27.1
2017-01-14 05:39:39,26.6
2017-01-14 06:39:39,26.7
2017-01-14 07:39:39,26.4
2017-01-14 08:39:39,26.1
2017-01-14 09:39:39,26.1
2017-01-14 10:39:39,27.8
2017-01-14 11:39:39,28.3
2017-01-14 12:39:39,27.5
2017-01-15 01:39:39,26.6
2017-01-15 02:39:39,26.4
2017-01-15 03:39:39,26.2
2017-01-15 04:39:39,26.0
2017-01-15 05:39:39,26.2
2017-01-15 06:39:39,25.9
2017-01-15 07:39:39,26.6
2017-01-15 08:39:39,26.6
2017-01-15 09:39:39,25.7
2017-01-15 10:39:39,26.1
2017-01-15 11:39:39,27.4
2017-01-15 12:39:39,26.6
2017-01-16 01:39:39,26.4
2017-01-16 02:39:39,26.4
2017-01-16 03:39:39,26.3
2017-01-16 04:39:39,26.3
2017-01-16 05:39:39,26.4
2017-01-16 06:39:39,26.2
2017-01-16 07:39:39,25.9
2017-01-16 08:39:39,26.1
2017-01-16 09:39:39,26.4
2017-01-16 10:39:39,26.6
2017-01-16 11:39:39,27.1
2017-01-16 12:39:39,26.7
2017-01-17 01:39:39,24.2
2017-01-17 02:39:39,23.8
2017-01-17 03:39:39,23.6
2017-01-17 04:39:39,23.2
2017-01-17 05:39:39,23.2
2017-01-17 06:39:39,23.0
2017-01-17 07:39:39,22.8
2017-01-17 08:39:39,21.5
2017-01-17 09:39:39,21.7
2017-01-17 10:39:39,22.5
2017-01-17 11:39:39,23.3
2017-01-17 12:39:39,24.4
2017-01-18 01:39:39,22.7
2017-01-18 02:39:39,22.6
2017-01-18 03:39:39,22.4
2017-01-18 04:39:39,22.3
2017-01-18 05:39:39,22.0
2017-01-18 06:39:39,21.9
2017-01-18 07:39:39,21.8
2017-01-18 08:39:39,23.2
2017-01-18 09:39:39,24.9
2017-01-18 10:39:39,25.6
2017-01-18 11:39:39,26.2
2017-01-18 12:39:39,23.1
2017-01-19 01:39:39,24.4
2017-01-19 02:39:39,24.1
2017-01-19 03:39:39,23.8
2017-01-19 04:39:39,23.4
2017-01-19 05:39:39,23.3
2017-01-19 06:39:39,24.1
2017-01-19 07:39:39,24.6
2017-01-19 08:39:39,25.2
2017-01-19 09:39:39,27.3
2017-01-19 10:39:39,28.3
2017-01-19 11:39:39,29.2
2017-01-19 12:39:39,24.8
2017-01-20 01:39:39,27.2
2017-01-20 02:39:39,26.7
2017-01-20 03:39:39,26.4
2017-01-20 04:39:39,25.9
2017-01-20 05:39:39,25.8
2017-01-20 06:39:39,26.8
2017-01-20 07:39:39,27.6
2017-01-20 08:39:39,28.4
2017-01-20 09:39:39,29.3
2017-01-20 10:39:39,30.1
2017-01-20 11:39:39,30.1
2017-01-20 12:39:39,27.6
2017-01-21 01:39:39,29.6
2017-01-21 02:39:39,29.2
2017-01-21 03:39:39,28.9
2017-01-21 04:39:39,28.4
2017-01-21 05:39:39,28.1
2017-01-21 06:39:39,28.1
2017-01-21 07:39:39,25.9
2017-01-21 08:39:39,26.4
2017-01-21 09:39:39,28.0
2017-01-21 10:39:39,28.7
2017-01-21 11:39:39,29.2
2017-01-21 12:39:39,29.8
2017-01-22 01:39:39,26.2
2017-01-22 02:39:39,26.1
2017-01-22 03:39:39,25.9
2017-01-22 04:39:39,25.7
2017-01-22 05:39:39,25.5
2017-01-22 06:39:39,25.4
2017-01-22 07:39:39,25.6
2017-01-22 08:39:39,25.7
2017-01-22 09:39:39,26.3
2017-01-22 10:39:39,27.3
2017-01-22 11:39:39,26.6
2017-01-22 12:39:39,26.5
2017-01-23 01:39:39,26.2
2017-01-23 02:39:39,26.1
2017-01-23 03:39:39,25.9
2017-01-23 04:39:39,25.8
2017-01-23 05:39:39,26.1
2017-01-23 06:39:39,25.6
2017-01-23 07:39:39,26.1
2017-01-23 08:39:39,27.0
2017-01-23 09:39:39,27.8
2017-01-23 10:39:39,28.8
2017-01-23 11:39:39,29.3
2017-01-23 12:39:39,26.4
2017-01-24 01:39:39,28.4
2017-01-24 02:39:39,28.1
2017-01-24 03:39:39,27.7
2017-01-24 04:39:39,27.6
2017-01-24 05:39:39,26.8
2017-01-24 06:39:39,27.5
2017-01-24 07:39:39,28.8
2017-01-24 08:39:39,27.8
2017-01-24 09:39:39,30.3
2017-01-24 10:39:39,31.0
2017-01-24 11:39:39,31.2
2017-01-24 12:39:39,28.7
2017-01-25 01:39:39,29.9
2017-01-25 02:39:39,29.8
2017-01-25 03:39:39,29.6
2017-01-25 04:39:39,29.3
2017-01-25 05:39:39,29.1
2017-01-25 06:39:39,29.1
2017-01-25 07:39:39,30.0
2017-01-25 08:39:39,30.9
2017-01-25 09:39:39,31.7
2017-01-25 10:39:39,32.7
2017-01-25 11:39:39,33.4
2017-01-25 12:39:39,30.2
2017-01-26 01:39:39,29.8
2017-01-26 02:39:39,29.4
2017-01-26 03:39:39,28.9
2017-01-26 04:39:39,28.3
2017-01-26 05:39:39,27.8
2017-01-26 06:39:39,27.1
2017-01-26 07:39:39,27.1
2017-01-26 08:39:39,25.7
2017-01-26 09:39:39,24.9
2017-01-26 10:39:39,25.1
2017-01-26 11:39:39,25.5
2017-01-26 12:39:39,30.2
2017-01-27 01:39:39,24.9
2017-01-27 02:39:39,24.8
2017-01-27 03:39:39,24.8
2017-01-27 04:39:39,24.7
2017-01-27 05:39:39,24.6
2017-01-27 06:39:39,24.6
2017-01-27 07:39:39,24.5
2017-01-27 08:39:39,24.7
2017-01-27 09:39:39,25.1
2017-01-27 10:39:39,25.4
2017-01-27 11:39:39,25.6
2017-01-27 12:39:39,24.9
2017-01-28 01:39:39,25.1
2017-01-28 02:39:39,25.2
2017-01-28 03:39:39,25.1
2017-01-28 04:39:39,25.0
2017-01-28 05:39:39,25.1
2017-01-28 06:39:39,25.2
2017-01-28 07:39:39,25.9
2017-01-28 08:39:39,26.8
2017-01-28 09:39:39,28.4
2017-01-28 10:39:39,29.5
2017-01-28 11:39:39,30.1
2017-01-28 12:39:39,25.3
2017-01-29 01:39:39,28.7
2017-01-29 02:39:39,28.6
2017-01-29 03:39:39,28.3
2017-01-29 04:39:39,28.2
2017-01-29 05:39:39,28.1
2017-01-29 06:39:39,28.1
2017-01-29 07:39:39,28.7
2017-01-29 08:39:39,30.0
2017-01-29 09:39:39,29.0
2017-01-29 10:39:39,27.2
2017-01-29 11:39:39,26.9
2017-01-29 12:39:39,28.6
2017-01-30 01:39:39,25.9
2017-01-30 02:39:39,25.7
2017-01-30 03:39:39,25.7
2017-01-30 04:39:39,25.5
2017-01-30 05:39:39,25.4
2017-01-30 06:39:39,25.5
2017-01-30 07:39:39,25.7
2017-01-30 08:39:39,25.6
2017-01-30 09:39:39,25.6
2017-01-30 10:39:39,25.2
2017-01-30 11:39:39,25.7
2017-01-30 12:39:39,26.1
2017-01-31 01:39:39,26.9
2017-01-31 02:39:39,26.8
2017-01-31 03:39:39,26.6
2017-01-31 04:39:39,26.5
2017-01-31 05:39:39,26.1
2017-01-31 06:39:39,25.9
2017-01-31 07:39:39,25.6
2017-01-31 08:39:39,26.1
2017-01-31 09:39:39,26.9
2017-01-31 10:39:39,27.3
2017-01-31 11:39:39,27.0
2017-01-31 12:39:39,26.9
2017-02-01 01:39:39,25.7
2017-02-01 02:39:39,25.4
2017-02-01 03:39:39,25.2
2017-02-01 04:39:39,24.9
2017-02-01 05:39:39,24.7
2017-02-01 06:39:39,24.3
2017-02-01 07:39:39,24.9
2017-02-01 08:39:39,26.1
2017-02-01 09:39:39,26.8
2017-02-01 10:39:39,26.9
2017-02-01 11:39:39,28.3
2017-02-01 12:39:39,25.9
2017-02-02 01:39:39,27.6
2017-02-02 02:39:39,27.4
2017-02-02 03:39:39,27.1
2017-02-02 04:39:39,27.1
2017-02-02 05:39:39,27.2
2017-02-02 06:39:39,26.9
2017-02-02 07:39:39,27.0
2017-02-02 08:39:39,26.9
2017-02-02 09:39:39,27.1
2017-02-02 10:39:39,28.3
2017-02-02 11:39:39,29.4
2017-02-02 12:39:39,27.9
2017-02-03 01:39:39,29.0
2017-02-03 02:39:39,28.8
2017-02-03 03:39:39,28.7
2017-02-03 04:39:39,28.2
2017-02-03 05:39:39,27.8
2017-02-03 06:39:39,26.7
2017-02-03 07:39:39,26.4
2017-02-03 08:39:39,27.1
2017-02-03 09:39:39,28.2
2017-02-03 10:39:39,28.6
2017-02-03 11:39:39,28.4
2017-02-03 12:39:39,29.2
2017-02-04 01:39:39,26.7
2017-02-04 02:39:39,26.5
2017-02-04 03:39:39,26.3
2017-02-04 04:39:39,26.2
2017-02-04 05:39:39,26.1
2017-02-04 06:39:39,25.4
2017-02-04 07:39:39,25.1
2017-02-04 08:39:39,25.7
2017-02-04 09:39:39,27.6
2017-02-04 10:39:39,28.7
2017-02-04 11:39:39,29.1
2017-02-04 12:39:39,26.9
2017-02-05 01:39:39,27.3
2017-02-05 02:39:39,26.9
2017-02-05 03:39:39,26.6
2017-02-05 04:39:39,26.3
2017-02-05 05:39:39,25.8
2017-02-05 06:39:39,26.4
2017-02-05 07:39:39,27.6
2017-02-05 08:39:39,28.4
2017-02-05 09:39:39,29.1
2017-02-05 10:39:39,29.9
2017-02-05 11:39:39,30.6
2017-02-05 12:39:39,27.6
2017-02-06 01:39:39,28.8
2017-02-06 02:39:39,28.5
2017-02-06 03:39:39,28.2
2017-02-06 04:39:39,27.9
2017-02-06 05:39:39,27.7
2017-02-06 06:39:39,26.7
2017-02-06 07:39:39,26.5
2017-02-06 08:39:39,26.1
2017-02-06 09:39:39,26.2
2017-02-06 10:39:39,26.7
2017-02-06 11:39:39,26.6
2017-02-06 12:39:39,29.4
2017-02-07 01:39:39,26.0
2017-02-07 02:39:39,25.7
2017-02-07 03:39:39,25.5
2017-02-07 04:39:39,25.3
2017-02-07 05:39:39,25.5
2017-02-07 06:39:39,25.6
2017-02-07 07:39:39,25.8
2017-02-07 08:39:39,26.1
2017-02-07 09:39:39,27.2
2017-02-07 10:39:39,28.2
2017-02-07 11:39:39,28.3
2017-02-07 12:39:39,26.4
2017-02-08 01:39:39,27.6
2017-02-08 02:39:39,27.1
2017-02-08 03:39:39,26.8
2017-02-08 04:39:39,26.6
2017-02-08 05:39:39,26.4
2017-02-08 06:39:39,26.5
2017-02-08 07:39:39,26.8
2017-02-08 08:39:39,27.3
2017-02-08 09:39:39,28.1
2017-02-08 10:39:39,29.4
2017-02-08 11:39:39,29.8
2017-02-08 12:39:39,28.2
2017-02-09 01:39:39,29.1
2017-02-09 02:39:39,28.5
2017-02-09 03:39:39,27.9
2017-02-09 04:39:39,27.7
2017-02-09 05:39:39,27.8
2017-02-09 06:39:39,26.9
2017-02-09 07:39:39,27.0
2017-02-09 08:39:39,27.6
2017-02-09 09:39:39,27.9
2017-02-09 10:39:39,29.2
2017-02-09 11:39:39,29.8
2017-02-09 12:39:39,29.6
2017-02-10 01:39:39,29.1
2017-02-10 02:39:39,28.8
2017-02-10 03:39:39,28.6
2017-02-10 04:39:39,28.3
2017-02-10 05:39:39,28.0
2017-02-10 06:39:39,27.6
2017-02-10 07:39:39,27.4
2017-02-10 08:39:39,27.9
2017-02-10 09:39:39,29.4
2017-02-10 10:39:39,29.8
2017-02-10 11:39:39,30.7
2017-02-10 12:39:39,29.4
2017-02-11 01:39:39,28.3
2017-02-11 02:39:39,27.9
2017-02-11 03:39:39,27.6
2017-02-11 04:39:39,27.5
2017-02-11 05:39:39,27.2
2017-02-11 06:39:39,27.4
2017-02-11 07:39:39,27.7
2017-02-11 08:39:39,28.3
2017-02-11 09:39:39,27.5
2017-02-11 10:39:39,28.9
2017-02-11 11:39:39,29.6
2017-02-11 12:39:39,28.5
2017-02-12 01:39:39,27.6
2017-02-12 02:39:39,27.2
2017-02-12 03:39:39,26.9
2017-02-12 04:39:39,26.6
2017-02-12 05:39:39,26.3
2017-02-12 06:39:39,26.7
2017-02-12 07:39:39,28.3
2017-02-12 08:39:39,29.4
2017-02-12 09:39:39,30.2
2017-02-12 10:39:39,31.3
2017-02-12 11:39:39,32.7
2017-02-12 12:39:39,27.9
2017-02-13 01:39:39,29.1
2017-02-13 02:39:39,28.6
2017-02-13 03:39:39,28.3
2017-02-13 04:39:39,27.9
2017-02-13 05:39:39,27.6
2017-02-13 06:39:39,27.3
2017-02-13 07:39:39,28.6
2017-02-13 08:39:39,29.1
2017-02-13 09:39:39,29.4
2017-02-13 10:39:39,30.9
2017-02-13 11:39:39,31.6
2017-02-13 12:39:39,29.3
2017-02-14 01:39:39,29.7
2017-02-14 02:39:39,29.5
2017-02-14 03:39:39,29.3
2017-02-14 04:39:39,29.2
2017-02-14 05:39:39,29.1
2017-02-14 06:39:39,28.9
2017-02-14 07:39:39,29.1
2017-02-14 08:39:39,29.4
2017-02-14 09:39:39,30.6
2017-02-14 10:39:39,31.2
2017-02-14 11:39:39,31.7
2017-02-14 12:39:39,30.3
2017-02-15 01:39:39,29.1
2017-02-15 02:39:39,28.8
2017-02-15 03:39:39,28.6
2017-02-15 04:39:39,28.6
2017-02-15 05:39:39,28.6
2017-02-15 06:39:39,28.4
2017-02-15 07:39:39,28.1
2017-02-15 08:39:39,27.2
2017-02-15 09:39:39,28.5
2017-02-15 10:39:39,29.2
2017-02-15 11:39:39,29.8
2017-02-15 12:39:39,29.5
2017-02-16 01:39:39,28.9
2017-02-16 02:39:39,28.8
2017-02-16 03:39:39,28.9
2017-02-16 04:39:39,28.7
2017-02-16 05:39:39,28.8
2017-02-16 06:39:39,28.6
2017-02-16 07:39:39,28.7
2017-02-16 08:39:39,29.2
2017-02-16 09:39:39,28.6
2017-02-16 10:39:39,27.3
2017-02-16 11:39:39,27.3
2017-02-16 12:39:39,29.3
2017-02-17 01:39:39,25.3
2017-02-17 02:39:39,24.9
2017-02-17 03:39:39,24.7
2017-02-17 04:39:39,24.6
2017-02-17 05:39:39,24.6
2017-02-17 06:39:39,24.5
2017-02-17 07:39:39,24.4
2017-02-17 08:39:39,23.7
2017-02-17 09:39:39,24.3
2017-02-17 10:39:39,24.8
2017-02-17 11:39:39,25.9
2017-02-17 12:39:39,25.8
2017-02-18 01:39:39,25.6
2017-02-18 02:39:39,25.5
2017-02-18 03:39:39,25.4
2017-02-18 04:39:39,25.3
2017-02-18 05:39:39,25.3
2017-02-18 06:39:39,25.1
2017-02-18 07:39:39,25.3
2017-02-18 08:39:39,25.6
2017-02-18 09:39:39,27.1
2017-02-18 10:39:39,28.2
2017-02-18 11:39:39,28.6
2017-02-18 12:39:39,25.8
2017-02-19 01:39:39,27.6
2017-02-19 02:39:39,27.4
2017-02-19 03:39:39,27.1
2017-02-19 04:39:39,26.8
2017-02-19 05:39:39,26.8
2017-02-19 06:39:39,26.6
2017-02-19 07:39:39,26.9
2017-02-19 08:39:39,27.0
2017-02-19 09:39:39,29.2
2017-02-19 10:39:39,30.3
2017-02-19 11:39:39,31.1
2017-02-19 12:39:39,27.7
2017-02-20 01:39:39,27.6
2017-02-20 02:39:39,27.3
2017-02-20 03:39:39,27.1
2017-02-20 04:39:39,26.9
2017-02-20 05:39:39,26.6
2017-02-20 06:39:39,26.4
2017-02-20 07:39:39,25.9
2017-02-20 08:39:39,25.2
2017-02-20 09:39:39,25.9
2017-02-20 10:39:39,26.6
2017-02-20 11:39:39,27.7
2017-02-20 12:39:39,28.1
2017-02-21 01:39:39,26.7
2017-02-21 02:39:39,26.3
2017-02-21 03:39:39,25.9
2017-02-21 04:39:39,25.7
2017-02-21 05:39:39,25.7
2017-02-21 06:39:39,25.5
2017-02-21 07:39:39,25.2
2017-02-21 08:39:39,24.3
2017-02-21 09:39:39,24.1
2017-02-21 10:39:39,25.3
2017-02-21 11:39:39,25.4
2017-02-21 12:39:39,26.8
2017-02-22 01:39:39,24.9
2017-02-22 02:39:39,24.7
2017-02-22 03:39:39,24.4
2017-02-22 04:39:39,24.3
2017-02-22 05:39:39,24.2
2017-02-22 06:39:39,24.1
2017-02-22 07:39:39,23.8
2017-02-22 08:39:39,23.7
2017-02-22 09:39:39,23.4
2017-02-22 10:39:39,23.6
2017-02-22 11:39:39,24.1
2017-02-22 12:39:39,25.1
2017-02-23 01:39:39,22.8
2017-02-23 02:39:39,22.9
2017-02-23 03:39:39,22.9
2017-02-23 04:39:39,22.6
2017-02-23 05:39:39,22.4
2017-02-23 06:39:39,22.7
2017-02-23 07:39:39,22.6
2017-02-23 08:39:39,22.7
2017-02-23 09:39:39,22.6
2017-02-23 10:39:39,22.9
2017-02-23 11:39:39,23.1
2017-02-23 12:39:39,23.2
2017-02-24 01:39:39,22.6
2017-02-24 02:39:39,22.7
2017-02-24 03:39:39,22.6
2017-02-24 04:39:39,22.6
2017-02-24 05:39:39,22.6
2017-02-24 06:39:39,22.7
2017-02-24 07:39:39,22.5
2017-02-24 08:39:39,23.0
2017-02-24 09:39:39,23.4
2017-02-24 10:39:39,23.9
2017-02-24 11:39:39,24.4
2017-02-24 12:39:39,22.6
2017-02-25 01:39:39,23.9
2017-02-25 02:39:39,24.1
2017-02-25 03:39:39,24.1
2017-02-25 04:39:39,23.9
2017-02-25 05:39:39,23.7
2017-02-25 06:39:39,24.1
2017-02-25 07:39:39,25.5
2017-02-25 08:39:39,26.3
2017-02-25 09:39:39,26.9
2017-02-25 10:39:39,27.8
2017-02-25 11:39:39,28.5
2017-02-25 12:39:39,24.1
2017-02-26 01:39:39,26.7
2017-02-26 02:39:39,26.4
2017-02-26 03:39:39,26.4
2017-02-26 04:39:39,26.1
2017-02-26 05:39:39,25.9
2017-02-26 06:39:39,25.9
2017-02-26 07:39:39,26.3
2017-02-26 08:39:39,26.6
2017-02-26 09:39:39,25.4
2017-02-26 10:39:39,25.1
2017-02-26 11:39:39,24.8
2017-02-26 12:39:39,26.9
2017-02-27 01:39:39,23.7
2017-02-27 02:39:39,23.7
2017-02-27 03:39:39,23.6
2017-02-27 04:39:39,23.6
2017-02-27 05:39:39,23.3
2017-02-27 06:39:39,23.1
2017-02-27 07:39:39,23.1
2017-02-27 08:39:39,22.9
2017-02-27 09:39:39,23.3
2017-02-27 10:39:39,23.7
2017-02-27 11:39:39,24.0
2017-02-27 12:39:39,23.9
2017-02-28 01:39:39,23.5
2017-02-28 02:39:39,23.3
2017-02-28 03:39:39,23.3
2017-02-28 04:39:39,23.3
2017-02-28 05:39:39,23.3
2017-02-28 06:39:39,23.4
2017-02-28 07:39:39,23.8
2017-02-28 08:39:39,24.3
2017-02-28 09:39:39,25.4
2017-02-28 10:39:39,26.0
2017-02-28 11:39:39,26.6
2017-02-28 12:39:39,23.7
2017-03-01 01:39:39,23.9
2017-03-01 02:39:39,23.7
2017-03-01 03:39:39,23.4
2017-03-01 04:39:39,23.1
2017-03-01 05:39:39,22.9
2017-03-01 06:39:39,22.8
2017-03-01 07:39:39,24.8
2017-03-01 08:39:39,26.6
2017-03-01 09:39:39,27.4
2017-03-01 10:39:39,28.4
2017-03-01 11:39:39,29.6
2017-03-01 12:39:39,24.2
2017-03-02 01:39:39,26.1
2017-03-02 02:39:39,25.8
2017-03-02 03:39:39,25.5
2017-03-02 04:39:39,25.4
2017-03-02 05:39:39,25.4
2017-03-02 06:39:39,25.6
2017-03-02 07:39:39,26.1
2017-03-02 08:39:39,26.6
2017-03-02 09:39:39,26.7
2017-03-02 10:39:39,26.8
2017-03-02 11:39:39,26.7
2017-03-02 12:39:39,26.5
2017-03-03 01:39:39,26.0
2017-03-03 02:39:39,25.8
2017-03-03 03:39:39,25.7
2017-03-03 04:39:39,25.4
2017-03-03 05:39:39,25.4
2017-03-03 06:39:39,25.3
2017-03-03 07:39:39,27.2
2017-03-03 08:39:39,27.8
2017-03-03 09:39:39,29.1
2017-03-03 10:39:39,30.3
2017-03-03 11:39:39,31.8
2017-03-03 12:39:39,25.9
2017-03-04 01:39:39,29.1
2017-03-04 02:39:39,28.6
2017-03-04 03:39:39,28.1
2017-03-04 04:39:39,27.6
2017-03-04 05:39:39,27.2
2017-03-04 06:39:39,26.9
2017-03-04 07:39:39,27.7
2017-03-04 08:39:39,29.3
2017-03-04 09:39:39,30.1
2017-03-04 10:39:39,30.8
2017-03-04 11:39:39,32.0
2017-03-04 12:39:39,29.7
2017-03-05 01:39:39,30.0
2017-03-05 02:39:39,29.7
2017-03-05 03:39:39,29.4
2017-03-05 04:39:39,28.9
2017-03-05 05:39:39,28.4
2017-03-05 06:39:39,28.2
2017-03-05 07:39:39,28.6
2017-03-05 08:39:39,28.8
2017-03-05 09:39:39,29.5
2017-03-05 10:39:39,31.3
2017-03-05 11:39:39,33.3
2017-03-05 12:39:39,30.4
2017-03-06 01:39:39,30.7
2017-03-06 02:39:39,30.1
2017-03-06 03:39:39,30.0
2017-03-06 04:39:39,29.1
2017-03-06 05:39:39,28.6
2017-03-06 06:39:39,28.2
2017-03-06 07:39:39,26.8
2017-03-06 08:39:39,26.4
2017-03-06 09:39:39,26.1
2017-03-06 10:39:39,26.1
2017-03-06 11:39:39,26.3
2017-03-06 12:39:39,31.3
2017-03-07 01:39:39,26.0
2017-03-07 02:39:39,25.8
2017-03-07 03:39:39,25.5
2017-03-07 04:39:39,25.3
2017-03-07 05:39:39,25.1
2017-03-07 06:39:39,24.9
2017-03-07 07:39:39,25.4
2017-03-07 08:39:39,25.9
2017-03-07 09:39:39,26.7
2017-03-07 10:39:39,27.1
2017-03-07 11:39:39,27.9
2017-03-07 12:39:39,26.1
2017-03-08 01:39:39,27.3
2017-03-08 02:39:39,27.0
2017-03-08 03:39:39,26.6
2017-03-08 04:39:39,26.2
2017-03-08 05:39:39,25.9
2017-03-08 06:39:39,25.6
2017-03-08 07:39:39,25.7
2017-03-08 08:39:39,25.8
2017-03-08 09:39:39,26.2
2017-03-08 10:39:39,27.4
2017-03-08 11:39:39,28.2
2017-03-08 12:39:39,27.7
2017-03-09 01:39:39,27.7
2017-03-09 02:39:39,27.3
2017-03-09 03:39:39,27.0
2017-03-09 04:39:39,26.6
2017-03-09 05:39:39,26.2
2017-03-09 06:39:39,25.9
2017-03-09 07:39:39,26.1
2017-03-09 08:39:39,27.2
2017-03-09 09:39:39,28.0
2017-03-09 10:39:39,29.3
2017-03-09 11:39:39,30.6
2017-03-09 12:39:39,28.2
2017-03-10 01:39:39,26.5
2017-03-10 02:39:39,25.9
2017-03-10 03:39:39,25.3
2017-03-10 04:39:39,24.4
2017-03-10 05:39:39,23.8
2017-03-10 06:39:39,23.3
2017-03-10 07:39:39,23.6
2017-03-10 08:39:39,25.3
2017-03-10 09:39:39,26.2
2017-03-10 10:39:39,26.2
2017-03-10 11:39:39,26.2
2017-03-10 12:39:39,26.9
2017-03-11 01:39:39,21.7
2017-03-11 02:39:39,21.1
2017-03-11 03:39:39,20.5
2017-03-11 04:39:39,20.0
2017-03-11 05:39:39,19.6
2017-03-11 06:39:39,19.3
2017-03-11 07:39:39,20.3
2017-03-11 08:39:39,22.3
2017-03-11 09:39:39,23.9
2017-03-11 10:39:39,25.9
2017-03-11 11:39:39,26.6
2017-03-11 12:39:39,22.2
2017-03-12 01:39:39,24.7
2017-03-12 02:39:39,24.1
2017-03-12 03:39:39,23.4
2017-03-12 04:39:39,22.8
2017-03-12 05:39:39,22.2
2017-03-12 06:39:39,21.6
2017-03-12 07:39:39,21.5
2017-03-12 08:39:39,22.1
2017-03-12 09:39:39,22.9
2017-03-12 10:39:39,24.1
2017-03-12 11:39:39,25.5
2017-03-12 12:39:39,25.4
2017-03-13 01:39:39,28.8
2017-03-13 02:39:39,28.2
2017-03-13 03:39:39,27.6
2017-03-13 04:39:39,27.2
2017-03-13 05:39:39,26.7
2017-03-13 06:39:39,26.3
2017-03-13 07:39:39,25.9
2017-03-13 08:39:39,25.8
2017-03-13 09:39:39,26.3
2017-03-13 10:39:39,26.6
2017-03-13 11:39:39,27.3
2017-03-13 12:39:39,29.5
2017-03-14 01:39:39,27.1
2017-03-14 02:39:39,26.5
2017-03-14 03:39:39,26.0
2017-03-14 04:39:39,25.6
2017-03-14 05:39:39,25.4
2017-03-14 06:39:39,25.2
2017-03-14 07:39:39,25.2
2017-03-14 08:39:39,25.3
2017-03-14 09:39:39,25.6
2017-03-14 10:39:39,26.1
2017-03-14 11:39:39,26.9
2017-03-14 12:39:39,27.7
2017-03-15 01:39:39,27.8
2017-03-15 02:39:39,27.2
2017-03-15 03:39:39,26.6
2017-03-15 04:39:39,26.1
2017-03-15 05:39:39,25.6
2017-03-15 06:39:39,25.2
2017-03-15 07:39:39,24.8
2017-03-15 08:39:39,25.4
2017-03-15 09:39:39,25.9
2017-03-15 10:39:39,26.7
2017-03-15 11:39:39,27.8
2017-03-15 12:39:39,28.4
2017-03-16 01:39:39,29.1
2017-03-16 02:39:39,28.4
2017-03-16 03:39:39,27.8
2017-03-16 04:39:39,27.2
2017-03-16 05:39:39,26.7
2017-03-16 06:39:39,26.4
2017-03-16 07:39:39,26.2
2017-03-16 08:39:39,26.2
2017-03-16 09:39:39,26.3
2017-03-16 10:39:39,26.4
2017-03-16 11:39:39,26.7
2017-03-16 12:39:39,29.8
2017-03-17 01:39:39,27.8
2017-03-17 02:39:39,27.4
2017-03-17 03:39:39,27.1
2017-03-17 04:39:39,26.8
2017-03-17 05:39:39,26.6
2017-03-17 06:39:39,26.4
2017-03-17 07:39:39,26.0
2017-03-17 08:39:39,25.8
2017-03-17 09:39:39,25.8
2017-03-17 10:39:39,26.3
2017-03-17 11:39:39,26.9
2017-03-17 12:39:39,28.2
2017-03-18 01:39:39,28.6
2017-03-18 02:39:39,28.2
2017-03-18 03:39:39,27.8
2017-03-18 04:39:39,27.6
2017-03-18 05:39:39,27.3
2017-03-18 06:39:39,26.9
2017-03-18 07:39:39,26.8
2017-03-18 08:39:39,26.9
2017-03-18 09:39:39,27.2
2017-03-18 10:39:39,27.7
2017-03-18 11:39:39,28.6
2017-03-18 12:39:39,29.2
2017-03-19 01:39:39,29.2
2017-03-19 02:39:39,28.7
2017-03-19 03:39:39,28.4
2017-03-19 04:39:39,28.1
2017-03-19 05:39:39,27.7
2017-03-19 06:39:39,27.3
2017-03-19 07:39:39,27.0
2017-03-19 08:39:39,26.8
2017-03-19 09:39:39,26.7
2017-03-19 10:39:39,26.9
2017-03-19 11:39:39,27.6
2017-03-19 12:39:39,29.8
2017-03-20 01:39:39,26.8
2017-03-20 02:39:39,26.3
2017-03-20 03:39:39,25.8
2017-03-20 04:39:39,25.4
2017-03-20 05:39:39,25.1
2017-03-20 06:39:39,24.8
2017-03-20 07:39:39,24.5
2017-03-20 08:39:39,24.4
2017-03-20 09:39:39,24.7
2017-03-20 10:39:39,25.1
2017-03-20 11:39:39,25.5
2017-03-20 12:39:39,27.3
2017-03-21 01:39:39,25.8
2017-03-21 02:39:39,25.6
2017-03-21 03:39:39,25.4
2017-03-21 04:39:39,25.3
2017-03-21 05:39:39,25.1
2017-03-21 06:39:39,24.9
2017-03-21 07:39:39,25.0
2017-03-21 08:39:39,25.4
2017-03-21 09:39:39,26.3
2017-03-21 10:39:39,27.2
2017-03-21 11:39:39,27.9
2017-03-21 12:39:39,26.1
2017-03-22 01:39:39,27.2
2017-03-22 02:39:39,27.0
2017-03-22 03:39:39,26.8
2017-03-22 04:39:39,26.5
2017-03-22 05:39:39,26.0
2017-03-22 06:39:39,25.9
2017-03-22 07:39:39,26.1
2017-03-22 08:39:39,26.1
2017-03-22 09:39:39,26.8
2017-03-22 10:39:39,28.2
2017-03-22 11:39:39,29.5
2017-03-22 12:39:39,27.4
2017-03-23 01:39:39,27.5
2017-03-23 02:39:39,26.9
2017-03-23 03:39:39,26.8
2017-03-23 04:39:39,26.8
2017-03-23 05:39:39,26.6
2017-03-23 06:39:39,26.3
2017-03-23 07:39:39,26.6
2017-03-23 08:39:39,26.9
2017-03-23 09:39:39,28.6
2017-03-23 10:39:39,28.6
2017-03-23 11:39:39,30.9
2017-03-23 12:39:39,28.3
2017-03-24 01:39:39,27.8
2017-03-24 02:39:39,27.2
2017-03-24 03:39:39,26.5
2017-03-24 04:39:39,25.9
2017-03-24 05:39:39,25.4
2017-03-24 06:39:39,25.0
2017-03-24 07:39:39,25.2
2017-03-24 08:39:39,26.3
2017-03-24 09:39:39,28.2
2017-03-24 10:39:39,30.1
2017-03-24 11:39:39,31.9
2017-03-24 12:39:39,28.5
2017-03-25 01:39:39,29.8
2017-03-25 02:39:39,29.2
2017-03-25 03:39:39,28.7
2017-03-25 04:39:39,28.2
2017-03-25 05:39:39,27.7
2017-03-25 06:39:39,27.3
2017-03-25 07:39:39,26.6
2017-03-25 08:39:39,26.6
2017-03-25 09:39:39,26.4
2017-03-25 10:39:39,27.2
2017-03-25 11:39:39,28.2
2017-03-25 12:39:39,30.6
2017-03-26 01:39:39,24.9
2017-03-26 02:39:39,24.5
2017-03-26 03:39:39,24.0
2017-03-26 04:39:39,23.7
2017-03-26 05:39:39,23.3
2017-03-26 06:39:39,23.1
2017-03-26 07:39:39,22.8
2017-03-26 08:39:39,22.6
2017-03-26 09:39:39,22.5
2017-03-26 10:39:39,22.7
2017-03-26 11:39:39,23.8
2017-03-26 12:39:39,25.2
2017-03-27 01:39:39,22.4
2017-03-27 02:39:39,22.2
2017-03-27 03:39:39,22.2
2017-03-27 04:39:39,22.0
2017-03-27 05:39:39,21.5
2017-03-27 06:39:39,21.1
2017-03-27 07:39:39,21.7
2017-03-27 08:39:39,22.6
2017-03-27 09:39:39,23.9
2017-03-27 10:39:39,25.3
2017-03-27 11:39:39,27.4
2017-03-27 12:39:39,22.7
2017-03-28 01:39:39,25.7
2017-03-28 02:39:39,25.1
2017-03-28 03:39:39,24.4
2017-03-28 04:39:39,23.9
2017-03-28 05:39:39,23.4
2017-03-28 06:39:39,22.5
2017-03-28 07:39:39,23.2
2017-03-28 08:39:39,24.4
2017-03-28 09:39:39,26.5
2017-03-28 10:39:39,28.9
2017-03-28 11:39:39,31.3
2017-03-28 12:39:39,26.2
2017-03-29 01:39:39,28.4
2017-03-29 02:39:39,27.8
2017-03-29 03:39:39,27.1
2017-03-29 04:39:39,26.6
2017-03-29 05:39:39,26.0
2017-03-29 06:39:39,25.5
2017-03-29 07:39:39,25.8
2017-03-29 08:39:39,26.3
2017-03-29 09:39:39,27.5
2017-03-29 10:39:39,29.0
2017-03-29 11:39:39,30.0
2017-03-29 12:39:39,29.2
2017-03-30 01:39:39,27.5
2017-03-30 02:39:39,27.3
2017-03-30 03:39:39,26.7
2017-03-30 04:39:39,26.4
2017-03-30 05:39:39,26.2
2017-03-30 06:39:39,25.9
2017-03-30 07:39:39,25.6
2017-03-30 08:39:39,25.5
2017-03-30 09:39:39,26.8
2017-03-30 10:39:39,28.0
2017-03-30 11:39:39,33.4
2017-03-30 12:39:39,27.8
2017-03-31 01:39:39,23.1
2017-03-31 02:39:39,22.9
2017-03-31 03:39:39,22.8
2017-03-31 04:39:39,22.7
2017-03-31 05:39:39,22.6
2017-03-31 06:39:39,24.1
2017-03-31 07:39:39,24.1
2017-03-31 08:39:39,27.5
2017-03-31 09:39:39,38.2
2017-03-31 10:39:39,45.4
2017-03-31 11:39:39,49.0
2017-03-31 12:39:39,23.3
2017-04-01 01:39:39,29.7
2017-04-01 02:39:39,29.3
2017-04-01 03:39:39,28.9
2017-04-01 04:39:39,28.4
2017-04-01 05:39:39,28.0
2017-04-01 06:39:39,27.6
2017-04-01 07:39:39,27.1
2017-04-01 08:39:39,26.6
2017-04-01 09:39:39,26.1
2017-04-01 10:39:39,25.7
2017-04-01 11:39:39,25.7
2017-04-01 12:39:39,29.9
2017-04-02 01:39:39,30.2
2017-04-02 02:39:39,29.8
2017-04-02 03:39:39,29.5
2017-04-02 04:39:39,29.1
2017-04-02 05:39:39,28.7
2017-04-02 06:39:39,28.3
2017-04-02 07:39:39,27.8
2017-04-02 08:39:39,27.4
2017-04-02 09:39:39,27.1
2017-04-02 10:39:39,26.8
2017-04-02 11:39:39,26.7
2017-04-02 12:39:39,30.4
2017-04-03 01:39:39,29.2
2017-04-03 02:39:39,28.9
2017-04-03 03:39:39,28.5
2017-04-03 04:39:39,28.2
2017-04-03 05:39:39,27.8
2017-04-03 06:39:39,27.4
2017-04-03 07:39:39,27.1
2017-04-03 08:39:39,26.7
2017-04-03 09:39:39,26.4
2017-04-03 10:39:39,26.2
2017-04-03 11:39:39,26.2
2017-04-03 12:39:39,29.5
2017-04-04 01:39:39,29.3
2017-04-04 02:39:39,28.9
2017-04-04 03:39:39,28.6
2017-04-04 04:39:39,28.2
2017-04-04 05:39:39,27.8
2017-04-04 06:39:39,27.4
2017-04-04 07:39:39,27.1
2017-04-04 08:39:39,26.7
2017-04-04 09:39:39,26.4
2017-04-04 10:39:39,26.2
2017-04-04 11:39:39,26.1
2017-04-04 12:39:39,29.6
2017-04-05 01:39:39,29.4
2017-04-05 02:39:39,29.1
2017-04-05 03:39:39,28.8
2017-04-05 04:39:39,28.4
2017-04-05 05:39:39,28.1
2017-04-05 06:39:39,27.7
2017-04-05 07:39:39,27.3
2017-04-05 08:39:39,26.9
2017-04-05 09:39:39,26.6
2017-04-05 10:39:39,26.4
2017-04-05 11:39:39,26.3
2017-04-05 12:39:39,29.7
2017-04-06 01:39:39,28.9
2017-04-06 02:39:39,28.6
2017-04-06 03:39:39,28.2
2017-04-06 04:39:39,27.8
2017-04-06 05:39:39,27.4
2017-04-06 06:39:39,27.1
2017-04-06 07:39:39,26.7
2017-04-06 08:39:39,26.3
2017-04-06 09:39:39,25.9
2017-04-06 10:39:39,25.7
2017-04-06 11:39:39,25.7
2017-04-06 12:39:39,29.2
2017-04-07 01:39:39,27.3
2017-04-07 02:39:39,26.8
2017-04-07 03:39:39,26.4
2017-04-07 04:39:39,26.0
2017-04-07 05:39:39,25.6
2017-04-07 06:39:39,25.2
2017-04-07 07:39:39,24.7
2017-04-07 08:39:39,24.3
2017-04-07 09:39:39,23.9
2017-04-07 10:39:39,23.6
2017-04-07 11:39:39,23.3
2017-04-07 12:39:39,27.7
2017-04-08 01:39:39,24.4
2017-04-08 02:39:39,24.2
2017-04-08 03:39:39,23.9
2017-04-08 04:39:39,23.7
2017-04-08 05:39:39,23.2
2017-04-08 06:39:39,22.9
2017-04-08 07:39:39,22.6
2017-04-08 08:39:39,22.5
2017-04-08 09:39:39,22.5
2017-04-08 10:39:39,22.4
2017-04-08 11:39:39,22.5
2017-04-08 12:39:39,24.6
2017-04-09 01:39:39,24.2
2017-04-09 02:39:39,24.1
2017-04-09 03:39:39,23.8
2017-04-09 04:39:39,23.7
2017-04-09 05:39:39,23.4
2017-04-09 06:39:39,23.2
2017-04-09 07:39:39,23.1
2017-04-09 08:39:39,22.9
2017-04-09 09:39:39,22.8
2017-04-09 10:39:39,22.7
2017-04-09 11:39:39,22.8
2017-04-09 12:39:39,24.3
2017-04-10 01:39:39,24.3
2017-04-10 02:39:39,24.2
2017-04-10 03:39:39,24.0
2017-04-10 04:39:39,23.8
2017-04-10 05:39:39,23.6
2017-04-10 06:39:39,23.1
2017-04-10 07:39:39,23.6
2017-04-10 08:39:39,24.8
2017-04-10 09:39:39,25.0
2017-04-10 10:39:39,25.1
2017-04-10 11:39:39,25.2
2017-04-10 12:39:39,24.5
2017-04-11 01:39:39,23.7
2017-04-11 02:39:39,23.6
2017-04-11 03:39:39,23.4
2017-04-11 04:39:39,23.3
2017-04-11 05:39:39,23.2
2017-04-11 06:39:39,23.1
2017-04-11 07:39:39,23.3
2017-04-11 08:39:39,23.8
2017-04-11 09:39:39,21.7
2017-04-11 10:39:39,21.6
2017-04-11 11:39:39,22.2
2017-04-11 12:39:39,23.8
2017-04-12 01:39:39,21.1
2017-04-12 02:39:39,21.0
2017-04-12 03:39:39,20.9
2017-04-12 04:39:39,20.9
2017-04-12 05:39:39,20.8
2017-04-12 06:39:39,20.8
2017-04-12 07:39:39,20.8
2017-04-12 08:39:39,20.8
2017-04-12 09:39:39,20.8
2017-04-12 10:39:39,20.8
2017-04-12 11:39:39,20.9
2017-04-12 12:39:39,21.2
2017-04-13 01:39:39,20.4
2017-04-13 02:39:39,20.3
2017-04-13 03:39:39,20.3
2017-04-13 04:39:39,20.3
2017-04-13 05:39:39,20.2
2017-04-13 06:39:39,20.2
2017-04-13 07:39:39,20.2
2017-04-13 08:39:39,20.3
2017-04-13 09:39:39,20.5
2017-04-13 10:39:39,20.6
2017-04-13 11:39:39,20.7
2017-04-13 12:39:39,20.6
2017-04-14 01:39:39,19.9
2017-04-14 02:39:39,19.9
2017-04-14 03:39:39,19.8
2017-04-14 04:39:39,19.7
2017-04-14 05:39:39,19.6
2017-04-14 06:39:39,19.6
2017-04-14 07:39:39,19.5
2017-04-14 08:39:39,19.6
2017-04-14 09:39:39,19.6
2017-04-14 10:39:39,19.7
2017-04-14 11:39:39,19.8
2017-04-14 12:39:39,20.0
2017-04-15 01:39:39,19.4
2017-04-15 02:39:39,19.2
2017-04-15 03:39:39,19.1
2017-04-15 04:39:39,18.9
2017-04-15 05:39:39,18.8
2017-04-15 06:39:39,18.7
2017-04-15 07:39:39,18.6
2017-04-15 08:39:39,18.7
2017-04-15 09:39:39,18.9
2017-04-15 10:39:39,19.2
2017-04-15 11:39:39,19.5
2017-04-15 12:39:39,19.4
2017-04-16 01:39:39,18.9
2017-04-16 02:39:39,18.7
2017-04-16 03:39:39,18.6
2017-04-16 04:39:39,18.5
2017-04-16 05:39:39,18.3
2017-04-16 06:39:39,18.2
2017-04-16 07:39:39,18.3
2017-04-16 08:39:39,18.4
2017-04-16 09:39:39,18.6
2017-04-16 10:39:39,18.8
2017-04-16 11:39:39,19.0
2017-04-16 12:39:39,19.0
2017-04-17 01:39:39,18.7
2017-04-17 02:39:39,18.5
2017-04-17 03:39:39,18.4
2017-04-17 04:39:39,18.4
2017-04-17 05:39:39,18.3
2017-04-17 06:39:39,18.2
2017-04-17 07:39:39,18.2
2017-04-17 08:39:39,18.2
2017-04-17 09:39:39,18.4
2017-04-17 10:39:39,18.6
2017-04-17 11:39:39,18.8
2017-04-17 12:39:39,18.8
2017-04-18 01:39:39,18.7
2017-04-18 02:39:39,18.6
2017-04-18 03:39:39,18.5
2017-04-18 04:39:39,18.4
2017-04-18 05:39:39,18.3
2017-04-18 06:39:39,18.2
2017-04-18 07:39:39,18.3
2017-04-18 08:39:39,18.4
2017-04-18 09:39:39,18.7
2017-04-18 10:39:39,18.9
2017-04-18 11:39:39,19.1
2017-04-18 12:39:39,18.8
2017-04-19 01:39:39,19.4
2017-04-19 02:39:39,19.3
2017-04-19 03:39:39,19.2
2017-04-19 04:39:39,19.1
2017-04-19 05:39:39,18.9
2017-04-19 06:39:39,18.8
2017-04-19 07:39:39,18.8
2017-04-19 08:39:39,19.0
2017-04-19 09:39:39,20.4
2017-04-19 10:39:39,21.1
2017-04-19 11:39:39,21.7
2017-04-19 12:39:39,19.6
2017-04-20 01:39:39,19.9
2017-04-20 02:39:39,19.7
2017-04-20 03:39:39,19.5
2017-04-20 04:39:39,19.3
2017-04-20 05:39:39,19.2
2017-04-20 06:39:39,19.1
2017-04-20 07:39:39,19.0
2017-04-20 08:39:39,19.2
2017-04-20 09:39:39,20.2
2017-04-20 10:39:39,20.8
2017-04-20 11:39:39,21.3
2017-04-20 12:39:39,20.1
2017-04-21 01:39:39,19.6
2017-04-21 02:39:39,19.4
2017-04-21 03:39:39,19.2
2017-04-21 04:39:39,19.1
2017-04-21 05:39:39,18.8
2017-04-21 06:39:39,18.7
2017-04-21 07:39:39,18.7
2017-04-21 08:39:39,18.8
2017-04-21 09:39:39,20.3
2017-04-21 10:39:39,21.5
2017-04-21 11:39:39,22.4
2017-04-21 12:39:39,19.8
2017-04-22 01:39:39,19.7
2017-04-22 02:39:39,19.6
2017-04-22 03:39:39,19.4
2017-04-22 04:39:39,19.3
2017-04-22 05:39:39,19.2
2017-04-22 06:39:39,19.1
2017-04-22 07:39:39,19.2
2017-04-22 08:39:39,19.3
2017-04-22 09:39:39,19.4
2017-04-22 10:39:39,19.7
2017-04-22 11:39:39,19.9
2017-04-22 12:39:39,19.8
2017-04-23 01:39:39,19.4
2017-04-23 02:39:39,19.4
2017-04-23 03:39:39,19.3
2017-04-23 04:39:39,19.3
2017-04-23 05:39:39,19.2
2017-04-23 06:39:39,19.1
2017-04-23 07:39:39,19.1
2017-04-23 08:39:39,19.1
2017-04-23 09:39:39,19.2
2017-04-23 10:39:39,19.3
2017-04-23 11:39:39,19.4
2017-04-23 12:39:39,19.6
2017-04-24 01:39:39,19.3
2017-04-24 02:39:39,19.3
2017-04-24 03:39:39,19.2
2017-04-24 04:39:39,19.1
2017-04-24 05:39:39,19.0
2017-04-24 06:39:39,18.8
2017-04-24 07:39:39,18.8
2017-04-24 08:39:39,18.8
2017-04-24 09:39:39,18.9
2017-04-24 10:39:39,19.1
2017-04-24 11:39:39,19.2
2017-04-24 12:39:39,19.4
2017-04-25 01:39:39,18.9
2017-04-25 02:39:39,18.8
2017-04-25 03:39:39,18.7
2017-04-25 04:39:39,18.6
2017-04-25 05:39:39,18.6
2017-04-25 06:39:39,18.5
2017-04-25 07:39:39,18.5
2017-04-25 08:39:39,18.6
2017-04-25 09:39:39,18.8
2017-04-25 10:39:39,19.1
2017-04-25 11:39:39,19.3
2017-04-25 12:39:39,19.0
2017-04-26 01:39:39,18.9
2017-04-26 02:39:39,18.8
2017-04-26 03:39:39,18.8
2017-04-26 04:39:39,18.7
2017-04-26 05:39:39,18.6
2017-04-26 06:39:39,18.4
2017-04-26 07:39:39,18.4
2017-04-26 08:39:39,18.5
2017-04-26 09:39:39,18.7
2017-04-26 10:39:39,19.0
2017-04-26 11:39:39,19.2
2017-04-26 12:39:39,19.1
2017-04-27 01:39:39,18.9
2017-04-27 02:39:39,18.8
2017-04-27 03:39:39,18.7
2017-04-27 04:39:39,18.6
2017-04-27 05:39:39,18.4
2017-04-27 06:39:39,18.3
2017-04-27 07:39:39,18.2
2017-04-27 08:39:39,18.3
2017-04-27 09:39:39,18.4
2017-04-27 10:39:39,18.6
2017-04-27 11:39:39,18.7
2017-04-27 12:39:39,18.9
2017-04-28 01:39:39,18.1
2017-04-28 02:39:39,18.1
2017-04-28 03:39:39,17.9
2017-04-28 04:39:39,17.9
2017-04-28 05:39:39,17.8
2017-04-28 06:39:39,17.7
2017-04-28 07:39:39,17.7
2017-04-28 08:39:39,17.8
2017-04-28 09:39:39,17.9
2017-04-28 10:39:39,18.2
2017-04-28 11:39:39,18.4
2017-04-28 12:39:39,18.2
2017-04-29 01:39:39,18.4
2017-04-29 02:39:39,18.3
2017-04-29 03:39:39,18.2
2017-04-29 04:39:39,18.2
2017-04-29 05:39:39,18.1
2017-04-29 06:39:39,18.0
2017-04-29 07:39:39,17.9
2017-04-29 08:39:39,17.9
2017-04-29 09:39:39,18.0
2017-04-29 10:39:39,18.2
2017-04-29 11:39:39,18.3
2017-04-29 12:39:39,18.4
2017-04-30 01:39:39,18.1
2017-04-30 02:39:39,17.9
2017-04-30 03:39:39,17.8
2017-04-30 04:39:39,17.7
2017-04-30 05:39:39,17.6
2017-04-30 06:39:39,17.5
2017-04-30 07:39:39,17.4
2017-04-30 08:39:39,17.4
2017-04-30 09:39:39,17.5
2017-04-30 10:39:39,17.7
2017-04-30 11:39:39,17.9
2017-04-30 12:39:39,18.2
2017-05-01 01:39:39,17.8
2017-05-01 02:39:39,17.7
2017-05-01 03:39:39,17.7
2017-05-01 04:39:39,17.6
2017-05-01 05:39:39,17.5
2017-05-01 06:39:39,17.4
2017-05-01 07:39:39,17.3
2017-05-01 08:39:39,17.3
2017-05-01 09:39:39,17.5
2017-05-01 10:39:39,17.7
2017-05-01 11:39:39,17.9
2017-05-01 12:39:39,17.9
2017-05-02 01:39:39,17.7
2017-05-02 02:39:39,17.7
2017-05-02 03:39:39,17.7
2017-05-02 04:39:39,17.6
2017-05-02 05:39:39,17.6
2017-05-02 06:39:39,17.6
2017-05-02 07:39:39,17.6
2017-05-02 08:39:39,17.6
2017-05-02 09:39:39,18.2
2017-05-02 10:39:39,20.3
2017-05-02 11:39:39,21.1
2017-05-02 12:39:39,17.7
2017-05-03 01:39:39,18.4
2017-05-03 02:39:39,18.3
2017-05-03 03:39:39,18.2
2017-05-03 04:39:39,18.1
2017-05-03 05:39:39,17.9
2017-05-03 06:39:39,17.8
2017-05-03 07:39:39,17.8
2017-05-03 08:39:39,17.9
2017-05-03 09:39:39,19.2
2017-05-03 10:39:39,19.6
2017-05-03 11:39:39,20.6
2017-05-03 12:39:39,18.6
2017-05-04 01:39:39,19.4
2017-05-04 02:39:39,19.3
2017-05-04 03:39:39,19.2
2017-05-04 04:39:39,19.0
2017-05-04 05:39:39,18.9
2017-05-04 06:39:39,18.8
2017-05-04 07:39:39,18.7
2017-05-04 08:39:39,18.8
2017-05-04 09:39:39,19.6
2017-05-04 10:39:39,20.7
2017-05-04 11:39:39,21.5
2017-05-04 12:39:39,19.5
2017-05-05 01:39:39,19.9
2017-05-05 02:39:39,19.8
2017-05-05 03:39:39,19.7
2017-05-05 04:39:39,19.6
2017-05-05 05:39:39,19.5
2017-05-05 06:39:39,19.4
2017-05-05 07:39:39,19.3
2017-05-05 08:39:39,19.4
2017-05-05 09:39:39,19.8
2017-05-05 10:39:39,20.7
2017-05-05 11:39:39,22.1
2017-05-05 12:39:39,20.1
2017-05-06 01:39:39,20.4
2017-05-06 02:39:39,20.3
2017-05-06 03:39:39,20.2
2017-05-06 04:39:39,20.1
2017-05-06 05:39:39,20.0
2017-05-06 06:39:39,19.9
2017-05-06 07:39:39,19.8
2017-05-06 08:39:39,19.8
2017-05-06 09:39:39,19.8
2017-05-06 10:39:39,19.9
2017-05-06 11:39:39,20.0
2017-05-06 12:39:39,20.6
2017-05-07 01:39:39,19.5
2017-05-07 02:39:39,19.4
2017-05-07 03:39:39,19.3
2017-05-07 04:39:39,19.2
2017-05-07 05:39:39,19.1
2017-05-07 06:39:39,19.0
2017-05-07 07:39:39,18.9
2017-05-07 08:39:39,18.9
2017-05-07 09:39:39,19.1
2017-05-07 10:39:39,19.3
2017-05-07 11:39:39,19.5
2017-05-07 12:39:39,19.7
2017-05-08 01:39:39,19.3
2017-05-08 02:39:39,19.2
2017-05-08 03:39:39,19.2
2017-05-08 04:39:39,19.1
2017-05-08 05:39:39,19.1
2017-05-08 06:39:39,19.0
2017-05-08 07:39:39,19.1
2017-05-08 08:39:39,19.1
2017-05-08 09:39:39,20.3
2017-05-08 10:39:39,21.9
2017-05-08 11:39:39,22.9
2017-05-08 12:39:39,19.4
2017-05-09 01:39:39,20.6
2017-05-09 02:39:39,20.4
2017-05-09 03:39:39,20.3
2017-05-09 04:39:39,20.2
2017-05-09 05:39:39,20.1
2017-05-09 06:39:39,20.1
2017-05-09 07:39:39,19.9
2017-05-09 08:39:39,20.2
2017-05-09 09:39:39,21.2
2017-05-09 10:39:39,22.2
2017-05-09 11:39:39,22.5
2017-05-09 12:39:39,20.6
2017-05-10 01:39:39,20.1
2017-05-10 02:39:39,20.0
2017-05-10 03:39:39,19.9
2017-05-10 04:39:39,19.8
2017-05-10 05:39:39,19.7
2017-05-10 06:39:39,19.5
2017-05-10 07:39:39,19.5
2017-05-10 08:39:39,19.6
2017-05-10 09:39:39,20.7
2017-05-10 10:39:39,21.7
2017-05-10 11:39:39,22.9
2017-05-10 12:39:39,20.2
2017-05-11 01:39:39,20.2
2017-05-11 02:39:39,20.1
2017-05-11 03:39:39,20.0
2017-05-11 04:39:39,19.8
2017-05-11 05:39:39,19.7
2017-05-11 06:39:39,19.6
2017-05-11 07:39:39,19.6
2017-05-11 08:39:39,19.6
2017-05-11 09:39:39,20.1
2017-05-11 10:39:39,21.1
2017-05-11 11:39:39,21.7
2017-05-11 12:39:39,20.3
2017-05-12 01:39:39,20.1
2017-05-12 02:39:39,19.9
2017-05-12 03:39:39,19.9
2017-05-12 04:39:39,19.7
2017-05-12 05:39:39,19.5
2017-05-12 06:39:39,19.3
2017-05-12 07:39:39,19.3
2017-05-12 08:39:39,19.3
2017-05-12 09:39:39,19.9
2017-05-12 10:39:39,20.2
2017-05-12 11:39:39,21.7
2017-05-12 12:39:39,20.2
2017-05-13 01:39:39,18.2
2017-05-13 02:39:39,17.8
2017-05-13 03:39:39,17.5
2017-05-13 04:39:39,17.3
2017-05-13 05:39:39,17.0
2017-05-13 06:39:39,16.8
2017-05-13 07:39:39,16.6
2017-05-13 08:39:39,16.3
2017-05-13 09:39:39,16.0
2017-05-13 10:39:39,15.8
2017-05-13 11:39:39,15.6
2017-05-13 12:39:39,18.5
2017-05-14 01:39:39,14.1
2017-05-14 02:39:39,13.9
2017-05-14 03:39:39,13.8
2017-05-14 04:39:39,13.6
2017-05-14 05:39:39,13.5
2017-05-14 06:39:39,13.4
2017-05-14 07:39:39,13.2
2017-05-14 08:39:39,13.3
2017-05-14 09:39:39,13.5
2017-05-14 10:39:39,13.7
2017-05-14 11:39:39,13.9
2017-05-14 12:39:39,14.2
2017-05-15 01:39:39,13.7
2017-05-15 02:39:39,13.6
2017-05-15 03:39:39,13.6
2017-05-15 04:39:39,13.5
2017-05-15 05:39:39,13.4
2017-05-15 06:39:39,13.4
2017-05-15 07:39:39,13.5
2017-05-15 08:39:39,13.5
2017-05-15 09:39:39,16.1
2017-05-15 10:39:39,16.2
2017-05-15 11:39:39,16.5
2017-05-15 12:39:39,13.7
2017-05-16 01:39:39,16.9
2017-05-16 02:39:39,16.9
2017-05-16 03:39:39,16.8
2017-05-16 04:39:39,16.7
2017-05-16 05:39:39,16.6
2017-05-16 06:39:39,16.6
2017-05-16 07:39:39,16.6
2017-05-16 08:39:39,16.7
2017-05-16 09:39:39,17.6
2017-05-16 10:39:39,18.2
2017-05-16 11:39:39,18.8
2017-05-16 12:39:39,17.1
2017-05-17 01:39:39,18.1
2017-05-17 02:39:39,18.1
2017-05-17 03:39:39,18.0
2017-05-17 04:39:39,17.9
2017-05-17 05:39:39,17.7
2017-05-17 06:39:39,17.6
2017-05-17 07:39:39,17.6
2017-05-17 08:39:39,17.6
2017-05-17 09:39:39,18.1
2017-05-17 10:39:39,18.8
2017-05-17 11:39:39,19.2
2017-05-17 12:39:39,18.2
2017-05-18 01:39:39,16.5
2017-05-18 02:39:39,16.3
2017-05-18 03:39:39,16.2
2017-05-18 04:39:39,16.0
2017-05-18 05:39:39,15.8
2017-05-18 06:39:39,15.6
2017-05-18 07:39:39,15.6
2017-05-18 08:39:39,15.7
2017-05-18 09:39:39,15.9
2017-05-18 10:39:39,16.1
2017-05-18 11:39:39,16.4
2017-05-18 12:39:39,16.6
2017-05-19 01:39:39,16.5
2017-05-19 02:39:39,16.3
2017-05-19 03:39:39,16.2
2017-05-19 04:39:39,16.0
2017-05-19 05:39:39,15.9
2017-05-19 06:39:39,15.7
2017-05-19 07:39:39,15.7
2017-05-19 08:39:39,16.1
2017-05-19 09:39:39,16.3
2017-05-19 10:39:39,16.4
2017-05-19 11:39:39,16.6
2017-05-19 12:39:39,16.6
2017-05-20 01:39:39,16.8
2017-05-20 02:39:39,16.7
2017-05-20 03:39:39,16.6
2017-05-20 04:39:39,16.4
2017-05-20 05:39:39,16.3
2017-05-20 06:39:39,16.1
2017-05-20 07:39:39,15.9
2017-05-20 08:39:39,16.1
2017-05-20 09:39:39,16.3
2017-05-20 10:39:39,16.5
2017-05-20 11:39:39,16.7
2017-05-20 12:39:39,16.9
2017-05-21 01:39:39,16.7
2017-05-21 02:39:39,16.6
2017-05-21 03:39:39,16.6
2017-05-21 04:39:39,16.4
2017-05-21 05:39:39,16.3
2017-05-21 06:39:39,16.1
2017-05-21 07:39:39,16.0
2017-05-21 08:39:39,16.1
2017-05-21 09:39:39,16.3
2017-05-21 10:39:39,16.5
2017-05-21 11:39:39,16.8
2017-05-21 12:39:39,16.8
2017-05-22 01:39:39,17.0
2017-05-22 02:39:39,16.9
2017-05-22 03:39:39,16.7
2017-05-22 04:39:39,16.6
2017-05-22 05:39:39,16.4
2017-05-22 06:39:39,16.3
2017-05-22 07:39:39,16.2
2017-05-22 08:39:39,16.3
2017-05-22 09:39:39,16.4
2017-05-22 10:39:39,16.7
2017-05-22 11:39:39,16.9
2017-05-22 12:39:39,17.0
2017-05-23 01:39:39,16.9
2017-05-23 02:39:39,16.8
2017-05-23 03:39:39,16.6
2017-05-23 04:39:39,16.5
2017-05-23 05:39:39,16.3
2017-05-23 06:39:39,16.2
2017-05-23 07:39:39,16.2
2017-05-23 08:39:39,16.4
2017-05-23 09:39:39,16.6
2017-05-23 10:39:39,16.8
2017-05-23 11:39:39,17.1
2017-05-23 12:39:39,17.1
2017-05-24 01:39:39,17.5
2017-05-24 02:39:39,17.4
2017-05-24 03:39:39,17.3
2017-05-24 04:39:39,17.2
2017-05-24 05:39:39,17.2
2017-05-24 06:39:39,17.1
2017-05-24 07:39:39,17.1
2017-05-24 08:39:39,17.1
2017-05-24 09:39:39,18.9
2017-05-24 10:39:39,20.7
2017-05-24 11:39:39,21.7
2017-05-24 12:39:39,17.6
2017-05-25 01:39:39,18.6
2017-05-25 02:39:39,18.4
2017-05-25 03:39:39,18.3
2017-05-25 04:39:39,18.1
2017-05-25 05:39:39,18.0
2017-05-25 06:39:39,17.8
2017-05-25 07:39:39,17.8
2017-05-25 08:39:39,17.8
2017-05-25 09:39:39,18.4
2017-05-25 10:39:39,20.7
2017-05-25 11:39:39,21.6
2017-05-25 12:39:39,18.7
2017-05-26 01:39:39,18.9
2017-05-26 02:39:39,18.8
2017-05-26 03:39:39,18.6
2017-05-26 04:39:39,18.3
2017-05-26 05:39:39,18.2
2017-05-26 06:39:39,18.0
2017-05-26 07:39:39,17.9
2017-05-26 08:39:39,18.1
2017-05-26 09:39:39,20.2
2017-05-26 10:39:39,21.4
2017-05-26 11:39:39,22.2
2017-05-26 12:39:39,19.1
2017-05-27 01:39:39,18.9
2017-05-27 02:39:39,18.7
2017-05-27 03:39:39,18.6
2017-05-27 04:39:39,18.4
2017-05-27 05:39:39,18.3
2017-05-27 06:39:39,18.2
2017-05-27 07:39:39,18.1
2017-05-27 08:39:39,18.1
2017-05-27 09:39:39,18.3
2017-05-27 10:39:39,18.7
2017-05-27 11:39:39,19.0
2017-05-27 12:39:39,19.1
2017-05-28 01:39:39,15.3
2017-05-28 02:39:39,14.6
2017-05-28 03:39:39,13.5
2017-05-28 04:39:39,14.1
2017-05-28 05:39:39,14.3
2017-05-28 06:39:39,14.3
2017-05-28 07:39:39,13.8
2017-05-28 08:39:39,13.6
2017-05-28 09:39:39,13.4
2017-05-28 10:39:39,13.5
2017-05-28 11:39:39,14.1
2017-05-28 12:39:39,16.4
2017-05-29 01:39:39,13.7
2017-05-29 02:39:39,13.3
2017-05-29 03:39:39,12.5
2017-05-29 04:39:39,12.3
2017-05-29 05:39:39,12.3
2017-05-29 06:39:39,12.2
2017-05-29 07:39:39,11.8
2017-05-29 08:39:39,12.6
2017-05-29 09:39:39,16.2
2017-05-29 10:39:39,16.2
2017-05-29 11:39:39,16.8
2017-05-29 12:39:39,13.3
2017-05-30 01:39:39,15.3
2017-05-30 02:39:39,15.1
2017-05-30 03:39:39,15.1
2017-05-30 04:39:39,14.9
2017-05-30 05:39:39,14.8
2017-05-30 06:39:39,14.7
2017-05-30 07:39:39,14.7
2017-05-30 08:39:39,15.8
2017-05-30 09:39:39,17.8
2017-05-30 10:39:39,18.8
2017-05-30 11:39:39,19.3
2017-05-30 12:39:39,15.3
2017-05-31 01:39:39,16.2
2017-05-31 02:39:39,16.0
2017-05-31 03:39:39,15.8
2017-05-31 04:39:39,15.7
2017-05-31 05:39:39,15.6
2017-05-31 06:39:39,15.4
2017-05-31 07:39:39,15.3
2017-05-31 08:39:39,15.3
2017-05-31 09:39:39,17.8
2017-05-31 10:39:39,19.1
2017-05-31 11:39:39,21.1
2017-05-31 12:39:39,16.3
2017-06-01 01:39:39,16.6
2017-06-01 02:39:39,16.5
2017-06-01 03:39:39,16.3
2017-06-01 04:39:39,16.1
2017-06-01 05:39:39,15.9
2017-06-01 06:39:39,15.7
2017-06-01 07:39:39,15.7
2017-06-01 08:39:39,15.9
2017-06-01 09:39:39,17.7
2017-06-01 10:39:39,20.8
2017-06-01 11:39:39,21.4
2017-06-01 12:39:39,16.8
2017-06-02 01:39:39,18.0
2017-06-02 02:39:39,17.8
2017-06-02 03:39:39,17.7
2017-06-02 04:39:39,17.4
2017-06-02 05:39:39,17.3
2017-06-02 06:39:39,17.1
2017-06-02 07:39:39,16.8
2017-06-02 08:39:39,16.8
2017-06-02 09:39:39,16.9
2017-06-02 10:39:39,18.4
2017-06-02 11:39:39,21.8
2017-06-02 12:39:39,18.1
2017-06-03 01:39:39,17.9
2017-06-03 02:39:39,17.8
2017-06-03 03:39:39,17.6
2017-06-03 04:39:39,17.3
2017-06-03 05:39:39,17.1
2017-06-03 06:39:39,16.9
2017-06-03 07:39:39,16.7
2017-06-03 08:39:39,16.8
2017-06-03 09:39:39,16.9
2017-06-03 10:39:39,17.1
2017-06-03 11:39:39,17.3
2017-06-03 12:39:39,18.2
2017-06-04 01:39:39,16.8
2017-06-04 02:39:39,16.7
2017-06-04 03:39:39,16.6
2017-06-04 04:39:39,16.5
2017-06-04 05:39:39,16.3
2017-06-04 06:39:39,16.2
2017-06-04 07:39:39,16.1
2017-06-04 08:39:39,16.2
2017-06-04 09:39:39,16.3
2017-06-04 10:39:39,16.4
2017-06-04 11:39:39,16.7
2017-06-04 12:39:39,17.0
2017-06-05 01:39:39,16.5
2017-06-05 02:39:39,16.4
2017-06-05 03:39:39,16.3
2017-06-05 04:39:39,16.1
2017-06-05 05:39:39,15.9
2017-06-05 06:39:39,15.9
2017-06-05 07:39:39,15.8
2017-06-05 08:39:39,15.9
2017-06-05 09:39:39,17.9
2017-06-05 10:39:39,19.4
2017-06-05 11:39:39,20.2
2017-06-05 12:39:39,16.7
2017-06-06 01:39:39,17.6
2017-06-06 02:39:39,17.4
2017-06-06 03:39:39,17.4
2017-06-06 04:39:39,17.3
2017-06-06 05:39:39,17.2
2017-06-06 06:39:39,17.1
2017-06-06 07:39:39,17.1
2017-06-06 08:39:39,17.6
2017-06-06 09:39:39,19.7
2017-06-06 10:39:39,20.7
2017-06-06 11:39:39,21.4
2017-06-06 12:39:39,17.7
2017-06-07 01:39:39,18.2
2017-06-07 02:39:39,18.1
2017-06-07 03:39:39,17.9
2017-06-07 04:39:39,17.8
2017-06-07 05:39:39,17.6
2017-06-07 06:39:39,17.5
2017-06-07 07:39:39,17.5
2017-06-07 08:39:39,17.4
2017-06-07 09:39:39,19.6
2017-06-07 10:39:39,20.9
2017-06-07 11:39:39,21.8
2017-06-07 12:39:39,18.4
2017-06-08 01:39:39,18.7
2017-06-08 02:39:39,18.5
2017-06-08 03:39:39,18.3
2017-06-08 04:39:39,18.0
2017-06-08 05:39:39,17.8
2017-06-08 06:39:39,17.4
2017-06-08 07:39:39,17.2
2017-06-08 08:39:39,16.9
2017-06-08 09:39:39,18.6
2017-06-08 10:39:39,20.2
2017-06-08 11:39:39,20.7
2017-06-08 12:39:39,18.8
2017-06-09 01:39:39,16.2
2017-06-09 02:39:39,15.9
2017-06-09 03:39:39,15.7
2017-06-09 04:39:39,15.4
2017-06-09 05:39:39,15.2
2017-06-09 06:39:39,15.0
2017-06-09 07:39:39,14.7
2017-06-09 08:39:39,14.9
2017-06-09 09:39:39,18.0
2017-06-09 10:39:39,20.8
2017-06-09 11:39:39,22.3
2017-06-09 12:39:39,16.5
2017-06-10 01:39:39,16.9
2017-06-10 02:39:39,16.8
2017-06-10 03:39:39,16.7
2017-06-10 04:39:39,16.6
2017-06-10 05:39:39,16.4
2017-06-10 06:39:39,16.3
2017-06-10 07:39:39,16.1
2017-06-10 08:39:39,16.1
2017-06-10 09:39:39,16.1
2017-06-10 10:39:39,16.1
2017-06-10 11:39:39,16.1
2017-06-10 12:39:39,17.1
2017-06-11 01:39:39,15.2
2017-06-11 02:39:39,15.1
2017-06-11 03:39:39,15.1
2017-06-11 04:39:39,14.9
2017-06-11 05:39:39,14.8
2017-06-11 06:39:39,14.7
2017-06-11 07:39:39,14.6
2017-06-11 08:39:39,14.6
2017-06-11 09:39:39,14.7
2017-06-11 10:39:39,14.8
2017-06-11 11:39:39,15.0
2017-06-11 12:39:39,15.3
2017-06-12 01:39:39,15.3
2017-06-12 02:39:39,15.2
2017-06-12 03:39:39,15.2
2017-06-12 04:39:39,15.1
2017-06-12 05:39:39,15.1
2017-06-12 06:39:39,15.0
2017-06-12 07:39:39,14.9
2017-06-12 08:39:39,14.9
2017-06-12 09:39:39,18.4
2017-06-12 10:39:39,20.7
2017-06-12 11:39:39,21.8
2017-06-12 12:39:39,15.4
2017-06-13 01:39:39,16.9
2017-06-13 02:39:39,16.7
2017-06-13 03:39:39,16.4
2017-06-13 04:39:39,16.2
2017-06-13 05:39:39,16.1
2017-06-13 06:39:39,15.8
2017-06-13 07:39:39,15.7
2017-06-13 08:39:39,15.9
2017-06-13 09:39:39,18.3
2017-06-13 10:39:39,19.6
2017-06-13 11:39:39,21.4
2017-06-13 12:39:39,17.1
2017-06-14 01:39:39,17.8
2017-06-14 02:39:39,17.7
2017-06-14 03:39:39,17.6
2017-06-14 04:39:39,17.4
2017-06-14 05:39:39,17.3
2017-06-14 06:39:39,17.1
2017-06-14 07:39:39,17.1
2017-06-14 08:39:39,17.1
2017-06-14 09:39:39,17.2
2017-06-14 10:39:39,17.4
2017-06-14 11:39:39,17.8
2017-06-14 12:39:39,17.9
2017-06-15 01:39:39,18.2
2017-06-15 02:39:39,18.1
2017-06-15 03:39:39,18.0
2017-06-15 04:39:39,17.9
2017-06-15 05:39:39,17.8
2017-06-15 06:39:39,17.7
2017-06-15 07:39:39,17.6
2017-06-15 08:39:39,17.6
2017-06-15 09:39:39,17.7
2017-06-15 10:39:39,17.9
2017-06-15 11:39:39,18.1
2017-06-15 12:39:39,18.3
2017-06-16 01:39:39,17.9
2017-06-16 02:39:39,17.7
2017-06-16 03:39:39,17.6
2017-06-16 04:39:39,17.4
2017-06-16 05:39:39,17.2
2017-06-16 06:39:39,17.0
2017-06-16 07:39:39,16.8
2017-06-16 08:39:39,16.7
2017-06-16 09:39:39,16.8
2017-06-16 10:39:39,16.9
2017-06-16 11:39:39,17.2
2017-06-16 12:39:39,18.1
2017-06-17 01:39:39,17.1
2017-06-17 02:39:39,16.9
2017-06-17 03:39:39,16.8
2017-06-17 04:39:39,16.7
2017-06-17 05:39:39,16.4
2017-06-17 06:39:39,16.3
2017-06-17 07:39:39,16.1
2017-06-17 08:39:39,16.1
2017-06-17 09:39:39,16.2
2017-06-17 10:39:39,16.3
2017-06-17 11:39:39,16.4
2017-06-17 12:39:39,17.2
2017-06-18 01:39:39,16.2
2017-06-18 02:39:39,16.1
2017-06-18 03:39:39,15.9
2017-06-18 04:39:39,15.7
2017-06-18 05:39:39,15.5
2017-06-18 06:39:39,15.3
2017-06-18 07:39:39,15.1
2017-06-18 08:39:39,15.0
2017-06-18 09:39:39,15.1
2017-06-18 10:39:39,15.2
2017-06-18 11:39:39,15.4
2017-06-18 12:39:39,16.3
2017-06-19 01:39:39,15.6
2017-06-19 02:39:39,15.6
2017-06-19 03:39:39,15.4
2017-06-19 04:39:39,15.4
2017-06-19 05:39:39,15.3
2017-06-19 06:39:39,15.2
2017-06-19 07:39:39,15.2
2017-06-19 08:39:39,15.1
2017-06-19 09:39:39,18.2
2017-06-19 10:39:39,20.8
2017-06-19 11:39:39,22.1
2017-06-19 12:39:39,15.7
2017-06-20 01:39:39,16.8
2017-06-20 02:39:39,16.6
2017-06-20 03:39:39,16.4
2017-06-20 04:39:39,16.3
2017-06-20 05:39:39,16.1
2017-06-20 06:39:39,16.1
2017-06-20 07:39:39,16.1
2017-06-20 08:39:39,16.1
2017-06-20 09:39:39,18.4
2017-06-20 10:39:39,19.7
2017-06-20 11:39:39,20.3
2017-06-20 12:39:39,17.0
2017-06-21 01:39:39,17.4
2017-06-21 02:39:39,17.3
2017-06-21 03:39:39,17.2
2017-06-21 04:39:39,17.1
2017-06-21 05:39:39,16.9
2017-06-21 06:39:39,16.8
2017-06-21 07:39:39,16.6
2017-06-21 08:39:39,16.6
2017-06-21 09:39:39,20.6
2017-06-21 10:39:39,20.0
2017-06-21 11:39:39,21.2
2017-06-21 12:39:39,17.6
2017-06-22 01:39:39,17.7
2017-06-22 02:39:39,17.5
2017-06-22 03:39:39,17.3
2017-06-22 04:39:39,17.2
2017-06-22 05:39:39,17.0
2017-06-22 06:39:39,16.8
2017-06-22 07:39:39,16.7
2017-06-22 08:39:39,16.8
2017-06-22 09:39:39,18.4
2017-06-22 10:39:39,19.3
2017-06-22 11:39:39,19.1
2017-06-22 12:39:39,17.8
2017-06-23 01:39:39,17.7
2017-06-23 02:39:39,17.6
2017-06-23 03:39:39,17.4
2017-06-23 04:39:39,17.1
2017-06-23 05:39:39,16.8
2017-06-23 06:39:39,16.6
2017-06-23 07:39:39,16.5
2017-06-23 08:39:39,16.6
2017-06-23 09:39:39,17.2
2017-06-23 10:39:39,17.5
2017-06-23 11:39:39,17.9
2017-06-23 12:39:39,17.9
2017-06-24 01:39:39,16.2
2017-06-24 02:39:39,16.2
2017-06-24 03:39:39,16.2
2017-06-24 04:39:39,16.1
2017-06-24 05:39:39,16.0
2017-06-24 06:39:39,15.9
2017-06-24 07:39:39,15.8
2017-06-24 08:39:39,15.7
2017-06-24 09:39:39,15.6
2017-06-24 10:39:39,15.6
2017-06-24 11:39:39,15.7
2017-06-24 12:39:39,16.3
2017-06-25 01:39:39,14.8
2017-06-25 02:39:39,14.7
2017-06-25 03:39:39,14.7
2017-06-25 04:39:39,14.6
2017-06-25 05:39:39,14.4
2017-06-25 06:39:39,14.3
2017-06-25 07:39:39,14.2
2017-06-25 08:39:39,14.2
2017-06-25 09:39:39,14.3
2017-06-25 10:39:39,14.6
2017-06-25 11:39:39,14.7
2017-06-25 12:39:39,14.9
2017-06-26 01:39:39,14.6
2017-06-26 02:39:39,14.5
2017-06-26 03:39:39,14.3
2017-06-26 04:39:39,14.2
2017-06-26 05:39:39,14.0
2017-06-26 06:39:39,13.9
2017-06-26 07:39:39,13.8
2017-06-26 08:39:39,13.9
2017-06-26 09:39:39,14.7
2017-06-26 10:39:39,15.3
2017-06-26 11:39:39,16.8
2017-06-26 12:39:39,14.8
2017-06-27 01:39:39,15.9
2017-06-27 02:39:39,15.8
2017-06-27 03:39:39,15.7
2017-06-27 04:39:39,15.6
2017-06-27 05:39:39,15.4
2017-06-27 06:39:39,15.3
2017-06-27 07:39:39,15.2
2017-06-27 08:39:39,15.2
2017-06-27 09:39:39,17.0
2017-06-27 10:39:39,18.7
2017-06-27 11:39:39,19.5
2017-06-27 12:39:39,16.1
2017-06-28 01:39:39,16.1
2017-06-28 02:39:39,15.9
2017-06-28 03:39:39,15.8
2017-06-28 04:39:39,15.6
2017-06-28 05:39:39,15.4
2017-06-28 06:39:39,15.3
2017-06-28 07:39:39,15.2
2017-06-28 08:39:39,15.2
2017-06-28 09:39:39,17.1
2017-06-28 10:39:39,18.7
2017-06-28 11:39:39,19.6
2017-06-28 12:39:39,16.2
2017-06-29 01:39:39,16.3
2017-06-29 02:39:39,16.1
2017-06-29 03:39:39,15.8
2017-06-29 04:39:39,15.6
2017-06-29 05:39:39,15.4
2017-06-29 06:39:39,15.2
2017-06-29 07:39:39,15.2
2017-06-29 08:39:39,15.2
2017-06-29 09:39:39,15.8
2017-06-29 10:39:39,17.9
2017-06-29 12:39:39,16.6
